model category,78,https://ncatlab.org/nlab/show/model+category,
model structure,67,x,Model structure is the first thing we need to decide in model identification/modeling.
tensor product,47,https://ncatlab.org/nlab/show/tensor+product,
factorization system,31,https://ncatlab.org/nlab/show/factorization+system,
vector space,30,,
category theory,26,,
Kan extension,25,,
Hopf algebra,22,,
category structure,21,,
equivalence relation,20,,
homotopy theory,20,,
homotopy category,19,,
vector bundle,17,,
n category,17,,
Lie algebra,17,,
category c,16,,
Eilenberg Moore,16,,
descent morphism,15,,
category C,14,,
Hausdorff space,14,,
Grothendieck topos,13,,
Galois theory,13,,
c system,13,,
Mal'tsev category,12,,
Chu construction,11,,
homotopy type,11,,
t algebra,11,,
chain complex,10,,
restriction category,10,,
Markov process,10,,
group action,9,,
category e,9,,
kz doctrine,9,,
base category,9,,
v category,9,,
omega category,9,,
universe category,9,,
field theory,8,,
coherence theorem,8,,
descent theory,8,,
functor category,8,,
Gray category,8,,
closure operator,8,,
Hopf monad,8,,
Lie 2,8,,
homotopy equivalence,8,,
D. Bourn,8,,
transition system,8,,
realizability topos,8,,
tangent category,8,,
Frobenius algebra,7,,
Morita equivalence,7,,
Frobenius object,7,,
slice category,7,,
presheaf category,7,,
Linear Logic,7,,
coherence condition,7,,
object x,7,,
Chu span,7,,
tangent bundle,7,,
exactness condition,7,,
action core,7,,
Fermat theory,7,,
Hopf monoid,7,,
isotropy group,7,,
majority category,7,,
group g,6,,
Quillen equivalence,6,,
infinity category,6,,
monotone light,6,,
algebra structure,6,,
module category,6,,
Lawvere theory,6,,
topos theory,6,,
homology theory,6,,
Moore algebra,6,,
Algebraic Topology,6,,
2 algebra,6,,
Yang Baxter,6,,
characterization theorem,6,,
monad t,6,,
Variety Theorem,6,,
G. Janelidze,6,,
unit action,6,,
vector field,6,,
Mac Lane,6,,
map category,6,,
Lie groupoid,6,,
vector lattice,6,,
tensor category,5,,
proof net,5,,
Moore object,5,,
category a,5,,
lambda calculus,5,,
cat group,5,,
presheaf topos,5,,
Mal'cev category,5,,
ground category,5,,
set theory,5,,
Baxter equation,5,,
Moore category,5,,
Barr exact,5,,
Quillen structure,5,,
Feynman diagram,5,,
monad morphism,5,,
bundle gerbe,5,,
Yoneda embedding,5,,
wreath product,5,,
chain rule,5,,
probability distribution,5,,
Huq commutator,5,,
Gray product,5,,
q category,5,,
homotopy colimit,5,,
codensity monad,5,,
hom functor,5,,
hypergraph category,5,,
Frobenius monoid,5,,
Euler characteristic,5,,
dagger limit,5,,
network model,5,,
enchilada category,4,,
space x,4,,
homotopy group,4,,
category k,4,,
md sketch,4,,
Chu category,4,,
de Paiva,4,,
coherence result,4,,
category v,4,,
nerve functor,4,,
Mackey functor,4,,
A. Joyal,4,,
unit interval,4,,
groupoid g,4,,
hom set,4,,
cohomology class,4,,
category b,4,,
set monad,4,,
functor f,4,,
Stone space,4,,
surface holonomy,4,,
module structure,4,,
mal'tsev category,4,,
approach space,4,,
Hecke algebra,4,,
category construction,4,,
pasting diagram,4,,
diagram lemma,4,,
Galois descent,4,,
homotopy invariant,4,,
Reidemeister trace,4,,
Tannaka duality,4,,
string diagram,4,,
equivalence class,4,,
Quillen category,4,,
category functor,4,,
signal flow,4,,
flow diagram,4,,
triangle theorem,4,,
M Set,4,,
box functor,4,,
isotropy rank,4,,
duality involution,4,,
Lie Rinehart,3,,
Rinehart structure,3,,
persistence module,3,,
algebra morphism,3,,
1 cell,3,,
cw complex,3,,
homotopy class,3,,
identity functor,3,,
Kampen theorem,3,,
q module,3,,
homotopy pushout,3,,
loop space,3,,
k theory,3,,
gray category,3,,
omega category,3,,
ultrafilter monad,3,,
ring theory,3,,
number object,3,,
object analogue,3,,
Frobenius law,3,,
Mal'tsev variety,3,,
Joyal Tierney,3,,
Dedekind category,3,,
Grothendieck topology,3,,
Kan condition,3,,
ramification groupoid,3,,
homotopy kernel,3,,
Stone duality,3,,
information system,3,,
van Kampen,3,,
amalgamation property,3,,
exactness property,3,,
subobject classifier,3,,
isomorphism theorem,3,,
model theory,3,,
Lie group,3,,
Birkhoff subcategory,3,,
cohomology group,3,,
von Neumann,3,,
descent theorem,3,,
category x,3,,
oplax morphism,3,,
A. Carboni,3,,
G. Kelly,3,,
M. Kelly,3,,
lifting property,3,,
generating family,3,,
stuff type,3,,
base space,3,,
representation theory,3,,
hom category,3,,
Computer Science,3,,
core algebra,3,,
F. Borceux,3,,
Brauer group,3,,
Tambara module,3,,
cokleisli category,3,,
Hilbert space,3,,
Seely category,3,,
state space,3,,
deformation theory,3,,
embedding theorem,3,,
Grothendieck descent,3,,
category A,3,,
arrow category,3,,
r module,3,,
probability monad,3,,
Möbius category,3,,
Möbius interval,3,,
group theory,3,,
order rule,3,,
Lefschetz number,3,,
range category,3,,
skew monoidale,3,,
cell complex,3,,
factorisation system,3,,
Monadic Systems,3,,
Equational Systems,3,,
Schonfinkel algebra,3,,
Batanin Weber,3,,
Isbell completion,3,,
homotopy bicategory,3,,
stability property,3,,
value measure,3,,
path space,3,,
covering space,3,,
algebra g,3,,
Segal space,3,,
quantaloid q,3,,
sup lattice,3,,
Dedekind completion,3,,
Dedekind lattice,3,,
product structure,3,,
field k,3,,
Joyal structure,3,,
snail lemma,3,,
Mal'tsev object,3,,
meet semilattice,3,,
reaction network,3,,
Levi category,3,,
Frobenius structure,3,,
cofibration category,3,,
ind category,3,,
Picard Vessiot,3,,
Vessiot ring,3,,
tangent functor,3,,
Kan injectivity,3,,
Witt vector,3,,
structure map,3,,
black boxing,3,,
tube algebra,3,,
hypergraph functor,3,,
pullback complement,3,,
Brauer Clifford,3,,
Clifford group,3,,
Leibniz algebra,3,,
epsilon product,3,,
merge bicategorie,3,,
t horn,3,,
Segal category,3,,
word problem,2,,
defect tqft,2,,
state sum,2,,
topos s,2,,
product functor,2,,
Bousfield localization,2,,
Galois structure,2,,
target category,2,,
inference rule,2,,
comma category,2,,
Frobenius pseudomonoid,2,,
dihomotopy equivalence,2,,
base topo,2,,
cauchy completion,2,,
endo-1 cell,2,,
cell composition,2,,
group case,2,,
base k,2,,
inclusion functor,2,,
type theorem,2,,
convolution product,2,,
Harrison cohomology,2,,
Quillen cohomology,2,,
data specification,2,,
order structure,2,,
duality theory,2,,
Intuitionistic Logic,2,,
operad action,2,,
Moore complex,2,,
Maltsev variety,2,,
convergence relation,2,,
Conduché fibration,2,,
Gray Cat,2,,
decision procedure,2,,
Church Rosser,2,,
coherence problem,2,,
rewriting system,2,,
semigroup theory,2,,
domain theory,2,,
powerset functor,2,,
homotopy relation,2,,
diagram category,2,,
closure space,2,,
J. Adamek,2,,
J. Reiterman,2,,
execution path,2,,
Mackey coreflection,2,,
R. Street,2,,
Maltsev category,2,,
bicategory b,2,,
Postnikov complex,2,,
Kan complex,2,,
alternation hierarchy,2,,
point constructor,2,,
braid group,2,,
Scott topology,2,,
powerdomain construction,2,,
cut elimination,2,,
comprehension calculus,2,,
homotopy fibre,2,,
Goguen category,2,,
chain functor,2,,
player game,2,,
Heyting algebra,2,,
preservation property,2,,
domain bicategory,2,,
endofunctor t,2,,
type condition,2,,
distribution theory,2,,
Tychonoff space,2,,
product construction,2,,
Azumaya algebra,2,,
Galois extension,2,,
lie group,2,,
companion paper,2,,
term algebra,2,,
lie algebra,2,,
Brian Day,2,,
A. Kock,2,,
Baer invariant,2,,
splitting completion,2,,
Sl monoid,2,,
cohomology functor,2,,
Isbell adjunction,2,,
Cauchy filter,2,,
Yoneda completion,2,,
homotopy groupoid,2,,
Philip Higgins,2,,
Coecke LiCS`04,2,,
span construction,2,,
Cauchy completion,2,,
light factorization,2,,
ring r,2,,
Basic Theory,2,,
Intuitionistic Theory,2,,
category C.,2,,
power object,2,,
gauge theory,2,,
yoneda system,2,,
Category Theory,2,,
kernel cokernel,2,,
cokernel lemma,2,,
exact sequence,2,,
TAC paper,2,,
Bourn localization,2,,
J. Lambek,2,,
M. Pedicchio,2,,
C. Pedicchio,2,,
Jónsson Tarski,2,,
Tarski variety,2,,
A. Ursini,2,,
space b.,2,,
k quiver,2,,
quiver q,2,,
filler condition,2,,
M. Tierney,2,,
Dialectica construction,2,,
computer science,2,,
deduction formulation,2,,
Segal condition,2,,
endomorphism ring,2,,
ring object,2,,
J.-L. Loday,2,,
gerbe module,2,,
comprehension scheme,2,,
product monad,2,,
g set,2,,
unit ball,2,,
ball functor,2,,
Banach space,2,,
quality type,2,,
Kleisli bicategory,2,,
LAPL structure,2,,
category d,2,,
Mal'tsev operation,2,,
D. Hofmann,2,,
affine object,2,,
M. Grandis,2,,
derivation type,2,,
t category,2,,
entwining operator,2,,
shape equivalence,2,,
Alster condition,2,,
push forward,2,,
object a,2,,
Snake Lemma,2,,
G. Orzech,2,,
Hopf formula,2,,
hilbert space,2,,
Dynkin diagram,2,,
Hall algebra,2,,
Schreier Lane,2,,
Mal'cev context,2,,
André Joyal,2,,
Span A,2,,
incidence algebra,2,,
homotopy monoid,2,,
extension system,2,,
Cattani Sassone,2,,
hilbert module,2,,
comparison map,2,,
Grothendieck site,2,,
Equational Metalogic,2,,
quotient completion,2,,
Hopf module,2,,
conjugation action,2,,
Higgins commutator,2,,
Ursini commutator,2,,
Smith Pedicchio,2,,
Pedicchio commutator,2,,
Goursat category,2,,
realizability topo,2,,
Gleason cover,2,,
lifting theorem,2,,
Cisinski Weber,2,,
smoothness condition,2,,
iteration pseudomonad,2,,
Grothendieck completion,2,,
endo functor,2,,
Sufficient Cohesion,2,,
MacNeille completion,2,,
homotopy limit,2,,
mapping space,2,,
mutation pair,2,,
wiring diagram,2,,
cat operad,2,,
operad module,2,,
transformation groupoid,2,,
surface holonomie,2,,
interchange law,2,,
ann category,2,,
bimodule butterfly,2,,
group structure,2,,
cospan category,2,,
affine scheme,2,,
extension classifier,2,,
control theory,2,,
Segal group,2,,
Segal action,2,,
coherence property,2,,
action accessibility,2,,
join operation,2,,
t morphism,2,,
colimit construction,2,,
automorphism group,2,,
J. Cartmell,2,,
T. Streicher,2,,
composition operation,2,,
recognition theorem,2,,
b module,2,,
Gray monoid,2,,
isomorphism class,2,,
snake lemma,2,,
Bousfield delocalization,2,,
closure property,2,,
action representability,2,,
group monoid,2,,
Hopf category,2,,
invertibility hypothesis,2,,
sm ideal,2,,
indexing category,2,,
Artin Mazur,2,,
Mazur codiagonal,2,,
functor calculus,2,,
g uniformity,2,,
Grothendieck category,2,,
Tangent Structure,2,,
category m,2,,
truncation poset,2,,
J. Lurie,2,,
group object,2,,
mutation mechanism,2,,
dg space,2,,
phd thesis,2,,
ESN Theorem,2,,
h bimodule,2,,
bimodule coalgebra,2,,
circuit diagram,2,,
stability result,2,,
power monad,2,,
pullback diagram,2,,
Tate object,2,,
base ring,2,,
strictification theorem,2,,
Differential Logic,2,,
Mal'tsev condition,2,,
term condition,2,,
W. Tholen,2,,
K Vec,2,,
homomorphism theorem,2,,
congruence distributivity,2,,
Van Bergh,2,,
den Bergh,2,,
Grothendieck construction,2,,
Mal'tsev majority,2,,
probability measure,2,,
Kantorovich monad,2,,
PIE limit,2,,
folk model,2,,
pinwheel problem,1,,
cube category,1,,
n pullback,1,,
colimit argument,1,,
Reshetikhin Turaev,1,,
Turaev theory,1,,
fusion category,1,,
group orbifold,1,,
Turaev Viro,1,,
Viro sum,1,,
sum construction,1,,
ribbon tensor,1,,
Tambara Yamagami,1,,
Yamagami category,1,,
extension map,1,,
category Con,1,,
Chevalley criterion,1,,
category etop,1,,
Nerve functor,1,,
Baum Connes,1,,
Connes conjecture,1,,
motivating application,1,,
k homology,1,,
pretorsion theory,1,,
reflector f,1,,
category set,1,,
light system,1,,
Alexandroff discrete,1,,
fc multicategory,1,,
coend formula,1,,
gamma set,1,,
structure sheaf,1,,
Gromov norm,1,,
Riemann surface,1,,
morphism category,1,,
world datum,1,,
homology functor,1,,
rank function,1,,
persistence function,1,,
persistence diagram,1,,
bottleneck distance,1,,
point cloud,1,,
cloud datum,1,,
homotopy invariance,1,,
Lusternik Schnirelmann,1,,
Schnirelmann category,1,,
Boolean Logic,1,,
object b,1,,
generating class,1,,
gros topos,1,,
idempotent identity,1,,
site criterion,1,,
dihomotopy type,1,,
dihomotopy relation,1,,
Grothendieck topo,1,,
algebra cell,1,,
monad mnd,1,,
y factor,1,,
bicategory rel,1,,
map f,1,,
T. Porter,1,,
n cube,1,,
k multilinearity,1,,
category K,1,,
k model,1,,
limit specification,1,,
colimit specification,1,,
k multilinear,1,,
sketch model,1,,
subcategory x,1,,
reflexion i,1,,
Bianchi Identity,1,,
groupoid theory,1,,
Homotopy Lemma,1,,
Addition Lemma,1,,
gauge bundle,1,,
group bundle,1,,
Van Kampen,1,,
calculation class,1,,
loopspace machine,1,,
M. Barr,1,,
Finite Sum,1,,
Sum sketch,1,,
database design,1,,
software engineering,1,,
deduction rule,1,,
coherence space,1,,
planar graph,1,,
E. Brown,1,,
M. Brown,1,,
near module,1,,
glueing theorem,1,,
glueing analysis,1,,
coproduct specification,1,,
homotopy module,1,,
Bilinear Logic,1,,
FILL category,1,,
mix rule,1,,
H. Putnam,1,,
order sentence,1,,
Ed Keenan,1,,
adjoint string,1,,
image map,1,,
construction datum,1,,
freeness result,1,,
commutator subgroup,1,,
equipment arrow,1,,
base v,1,,
functor n,1,,
Whitehead Theorem,1,,
parity c,1,,
c omplexe,1,,
pasting scheme,1,,
CW complex,1,,
product complex,1,,
cohomology theory,1,,
Mackey category,1,,
group algebra,1,,
Hausdorff group,1,,
ultrafilter functor,1,,
unit law,1,,
category psm(a,1,,
connection pair,1,,
torsion freeness,1,,
F. Lamarche,1,,
correctness criterion,1,,
net equivalence,1,,
series expansion,1,,
Stirling function,1,,
type term,1,,
term constructor,1,,
product type,1,,
Mal'cev operator,1,,
ground Rosser,1,,
endomorphism monoid,1,,
J.-Y. Girard,1,,
self similarity,1,,
Chu object,1,,
lattice dual,1,,
Phoa principle,1,,
Dwyer Kan,1,,
solution manifold,1,,
filter ring,1,,
kernel congruence,1,,
base functor,1,,
object set,1,,
Tierney theorem,1,,
relation algebra,1,,
side condition,1,,
including topo,1,,
sheaf theory,1,,
g space,1,,
construct CLS,1,,
extension l,1,,
extension L,1,,
hull l,1,,
G.E. Strecker,1,,
Commutator theory,1,,
homology,1,,
branching homology,1,,
merging side,1,,
category alg,1,,
colimit completion,1,,
compactness condition,1,,
hierarchy problem,1,,
lattice operation,1,,
Barr exactness,1,,
exactness assumption,1,,
Hurwitz action,1,,
path groupoid,1,,
cosheaf space,1,,
Artin group,1,,
Dehornoy ordering,1,,
identity element,1,,
Artin representation,1,,
classify space,1,,
rewrite system,1,,
sheaf cohomology,1,,
Cech cohomology,1,,
Gabriel Ulmer,1,,
Ulmer duality,1,,
Adamek Rosicky,1,,
Lawvere Rosicky,1,,
Rosicky duality,1,,
Morita duality,1,,
Laplace operator,1,,
category Opmon,1,,
u epimorphism,1,,
Tannaka Krein,1,,
Krein theorem,1,,
reconstruction theorem,1,,
subspace topology,1,,
locale theory,1,,
Sober Spaces,1,,
normalisation theorem,1,,
Stone representation,1,,
boolean flow,1,,
traffic network,1,,
space time,1,,
time model,1,,
lattice structure,1,,
lattice theoretic,1,,
Brouwerian lattice,1,,
scalar element,1,,
injectivity class,1,,
enrichment,1,,
reversibility notion,1,,
A. Bousfield,1,,
K. Bousfield,1,,
colocalization process,1,,
pseudo structure,1,,
Whitman theorem,1,,
proof theory,1,,
input output,1,,
output game,1,,
algebra homology,1,,
ground ring,1,,
hopf formula,1,,
entity idea,1,,
relationship attribute,1,,
attribute idea,1,,
design process,1,,
sum sketch,1,,
terminal node,1,,
query language,1,,
m set,1,,
Steiner quasi,1,,
boolean algebra,1,,
codescent morphism,1,,
composition representative,1,,
composition representability,1,,
theory t,1,,
decomposition result,1,,
codomain bicategory,1,,
cell component,1,,
module bicategory,1,,
Beck Chevalley,1,,
Chevalley type,1,,
wave equation,1,,
limit construction,1,,
cr epimorphism,1,,
P. Johnstone,1,,
homotopy classification,1,,
classification theorem,1,,
ring group,1,,
Clifford system,1,,
factor set,1,,
product projection,1,,
invariance theorem,1,,
corresponding theory,1,,
composition law,1,,
element conjecture,1,,
Wirthmuller theorem,1,,
Wirthmuller isomorphism,1,,
Grothendieck isomorphism,1,,
lax functor,1,,
cell level,1,,
poly-2 cell,1,,
cell isomorphism,1,,
bicategorie p,1,,
poly bicategory,1,,
quasigroup theory,1,,
multiplication map,1,,
group cohomology,1,,
identity object,1,,
use theory,1,,
Chern Simons,1,,
Simons theory,1,,
category 2vect,1,,
Jacobi identity,1,,
Zamolodchikov equation,1,,
tetrahedron equation,1,,
Lie cohomology,1,,
algebra cohomology,1,,
parameter family,1,,
powerlocale PX,1,,
powerlocale construction,1,,
Sierpinski locale,1,,
geometricity result,1,,
locale presentation,1,,
factorization theorem,1,,
S. Fakir,1,,
preservation theorem,1,,
variable set,1,,
M. Gerstenhaber,1,,
Baer Theory,1,,
Extension Theory,1,,
size restriction,1,,
site structure,1,,
completion process,1,,
limit property,1,,
approximation technique,1,,
approximation result,1,,
cotriple homology,1,,
Stallings Stammbach,1,,
Stammbach sequence,1,,
group homology,1,,
Furtado Coelho,1,,
kernel pair,1,,
case Set,1,,
c Set,1,,
Batanin approach,1,,
Joyal specie,1,,
ccd characterization,1,,
lattice characterization,1,,
Sl category,1,,
compatibility condition,1,,
coalgebra structure,1,,
c -algebra,1,,
* -algebra,1,,
rotation c,1,,
Rel monad,1,,
v matrix,1,,
Neumann axiom,1,,
category class,1,,
Jan Reiterman,1,,
Morita theorem,1,,
self distance,1,,
distance law,1,,
triangle inequality,1,,
category CGC,1,,
category TGC,1,,
Baues Jibladze,1,,
Jibladze descent,1,,
powerset monad,1,,
General Coalgebra,1,,
span omega,1,,
monoid monad,1,,
semigroup monad,1,,
yanking axiom,1,,
pasting theory,1,,
machine code,1,,
stack machine,1,,
term judgement,1,,
stack term,1,,
coherence requirement,1,,
opgrothendieck construction,1,,
type constructor,1,,
bracketing condition,1,,
push value,1,,
adjoint functor,1,,
unit morphism,1,,
n simplice,1,,
C. Cassidy,1,,
semiprime ring,1,,
Directed Topology,1,,
Set Theory,1,,
sheaf model,1,,
Class Theory,1,,
class theory,1,,
epimorphism topology,1,,
Grothendieck C,1,,
homology isomorphism,1,,
homotopy lifting,1,,
homotopy property,1,,
extension property,1,,
Kleisli category,1,,
factorization monad,1,,
k finiteness,1,,
potency object,1,,
Burnside rig,1,,
stuff operator,1,,
circle group,1,,
time evolution,1,,
Feynman rule,1,,
Serge Bouc,1,,
permutation representation,1,,
category theorist,1,,
transition function,1,,
connection form,1,,
curvature form,1,,
Ambrose Singer,1,,
Singer theorem,1,,
component category,1,,
chu category,1,,
folds equivalence,1,,
FOLDS specification,1,,
restriction homomorphism,1,,
adjoint construction,1,,
object part,1,,
tft construction,1,,
factorisation constraint,1,,
cap constraint,1,,
semilattice fibration,1,,
closedness property,1,,
specialization order,1,,
Alexandrov space,1,,
category fq,1,,
face operation,1,,
t complex,1,,
chain homotopie,1,,
descent type,1,,
semisimple ring,1,,
J.-P. Olivier,1,,
Dialectica style,1,,
affine logic,1,,
order formula,1,,
dialectica category,1,,
category GC,1,,
order setting,1,,
negation translation,1,,
cell span,1,,
game theoretic,1,,
meeting point,1,,
Formal Analysis,1,,
Concept Analysis,1,,
Domain Theory,1,,
Chu space,1,,
entailment relation,1,,
association rule,1,,
Scott domain,1,,
system FILL,1,,
sequent calculus,1,,
calculus formulation,1,,
deduction system,1,,
term assignment,1,,
assignment system,1,,
identity arrow,1,,
cocomplete category,1,,
Moerdijk Weiss,1,,
endo-2 functor,1,,
algebra condition,1,,
cohomotopy functor,1,,
model enrichment,1,,
definability theorem,1,,
product operad,1,,
factor operad,1,,
transposition symmetry,1,,
category ncob,1,,
k cell,1,,
k cobordism,1,,
Michael covering,1,,
dominance domain,1,,
topos doctrine,1,,
Core algebra,1,,
sequel paper,1,,
monad approximation,1,,
Francisco Marmolejo,1,,
coproduct completion,1,,
manifold M,1,,
function space,1,,
classifying space,1,,
sum invariant,1,,
Dijkgraaf Witten,1,,
Witten Invariant,1,,
Abramsky Jagadeesan,1,,
Olivier Laurent,1,,
module equivalence,1,,
sheaf equivalence,1,,
E. Vitale,1,,
complement operator,1,,
continuum physics,1,,
cohomology ring,1,,
quality form,1,,
Grothendieck condition,1,,
ring homomorphism,1,,
change functor,1,,
group SCG,1,,
bicategory k,1,,
Grothendieck derivator,1,,
Frobenius operation,1,,
function algebra,1,,
dimension rig,1,,
coalgebra object,1,,
D coalgebra,1,,
stability law,1,,
arrow interval,1,,
Linear Abadi,1,,
Plotkin Logic,1,,
domain equation,1,,
lapl structure,1,,
pushout topos,1,,
connectedness assumption,1,,
Galois topos,1,,
comma object,1,,
category ab,1,,
classification table,1,,
Baer sum,1,,
adjoint arrow,1,,
A Frobenius,1,,
mal'tsev operation,1,,
identity map,1,,
Mal'tsev co,1,,
identity morphism,1,,
injective space,1,,
M. Escardo,1,,
B. Flagg,1,,
monad functor,1,,
J. Smith,1,,
H. Smith,1,,
mal'cev category,1,,
graph structure,1,,
2affine object,1,,
target object,1,,
point set,1,,
2affine set,1,,
Daisuke Tambara,1,,
coalgebra modality,1,,
coKleisli category,1,,
term calculus,1,,
E. Goubault,1,,
space colimit,1,,
homotopy functor,1,,
type functor,1,,
Quillen adjoint,1,,
weight category,1,,
link invariant,1,,
link homology,1,,
word rewriting,1,,
Morse Theory,1,,
A. Burroni,1,,
t lax,1,,
lax algebra,1,,
embed theorem,1,,
Hilbert category,1,,
base field,1,,
Jon Beck,1,,
Elementary Logic,1,,
anr space,1,,
homotopy orthogonality,1,,
Homotopy Theorems,1,,
Kampen Theorems,1,,
colimit calculation,1,,
base point,1,,
control flow,1,,
machine behavior,1,,
program analysis,1,,
dendrotopic set,1,,
plank construction,1,,
Dieudonne construction,1,,
epic space,1,,
Lindelof case,1,,
neighbourhood property,1,,
p space,1,,
Lindelof space,1,,
CNP space,1,,
Alster space,1,,
projection formula,1,,
Witt group,1,,
Neumann core,1,,
homotopy algebras,1,,
subobject functor,1,,
reflection property,1,,
S. Lane,1,,
Charles Ehresmann,1,,
jet tangent,1,,
Split Short,1,,
Short Lemma,1,,
commutator condition,1,,
object z,1,,
Non Lemma,1,,
cocompleteness assumption,1,,
descent datum,1,,
descent construction,1,,
coefficient object,1,,
b torsor,1,,
Cech cocycle,1,,
coefficient category,1,,
coproduct preservation,1,,
product measure,1,,
object biadjunction,1,,
kleisli monoid,1,,
commutation relation,1,,
field operator,1,,
deformation parameter,1,,
Lane extension,1,,
extension theorem,1,,
Lane theorem,1,,
normal extension,1,,
Galois groupoid,1,,
Span construction,1,,
truth value,1,,
r injective,1,,
power set,1,,
ccd sup,1,,
Möbius principle,1,,
inversion principle,1,,
inversion result,1,,
kernel object,1,,
Reedy structure,1,,
Waldhausen subcategory,1,,
John Baez,1,,
James Dolan,1,,
ribbon category,1,,
semigroup action,1,,
set theoretic,1,,
semigroup prehomomorphism,1,,
lawvere product,1,,
Morgan dual,1,,
list arithmetic,1,,
arithmetic pretopo,1,,
arithmetic universe,1,,
incompleteness result,1,,
Cayley graph,1,,
graph morphism,1,,
zeta series,1,,
walk space,1,,
restriction structure,1,,
completion operation,1,,
Zariski topology,1,,
exponentiability characterization,1,,
bundle category,1,,
di Bruno,1,,
order fibration,1,,
rule fibration,1,,
covariant involution,1,,
coherence issue,1,,
subobject axiom,1,,
classifier axiom,1,,
orthogonality class,1,,
process algebra,1,,
completion monad,1,,
symmetrisation comonad,1,,
co relation,1,,
underlying complex,1,,
infinity algebra,1,,
Fourier theory,1,,
Wiener algebra,1,,
analysis term,1,,
J. Benabou,1,,
test object,1,,
F.W. Lawvere,1,,
knot colouring,1,,
knot group,1,,
Connes product,1,,
fusion product,1,,
Neumann algebra,1,,
algebra M.,1,,
loop group,1,,
group functor,1,,
unit map,1,,
site characterization,1,,
Artin Wraith,1,,
Wraith glueing,1,,
etale groupoid,1,,
point theorem,1,,
Explicit Basis,1,,
Basis property,1,,
Yoneda Lemma,1,,
Model Theory,1,,
Postnikov truncation,1,,
sphere spectrum,1,,
Postnikov datum,1,,
term logic,1,,
part paper,1,,
Boris Schein,1,,
Freyd conjecture,1,,
Kornel Szlachanyi,1,,
base comonoid,1,,
associativity constraint,1,,
po monoid,1,,
congruence lattice,1,,
generating set,1,,
Richard Garner,1,,
S. Lack,1,,
fusion operator,1,,
galois entwining,1,,
fibre functor,1,,
cocategory object,1,,
Hopf comonad,1,,
presheaf type,1,,
Schwartz distribution,1,,
building block,1,,
associativity property,1,,
spin chain,1,,
completeness property,1,,
comodule monad,1,,
algebra comonoid,1,,
algebra literature,1,,
Hopf Galois,1,,
category equivalence,1,,
other one,1,,
associativity condition,1,,
Beck module,1,,
l completeness,1,,
morphism concept,1,,
v relation,1,,
abelianisation functor,1,,
covering sieve,1,,
push out,1,,
kleisli object,1,,
den Berg,1,,
Herbrand topos,1,,
De Morgan,1,,
Herbrand topo,1,,
Herbrand construction,1,,
realizability construction,1,,
operator algebra,1,,
C. Pinzari,1,,
J. Roberts,1,,
E. Dubuc,1,,
Mal'tsev axiom,1,,
differentiation operation,1,,
cochain complex,1,,
Crans product,1,,
Batanin operad,1,,
resulting structure,1,,
completion construction,1,,
cocompletion functor,1,,
Lane space,1,,
site description,1,,
sheaf topos,1,,
Breen Messing,1,,
Messing gerbe,1,,
mapping group,1,,
class group,1,,
Gelfand Neumark,1,,
Neumark duality,1,,
Stone Weierstrass,1,,
Weierstrass theorem,1,,
Gelfand ring,1,,
order theoretic,1,,
Baxter type,1,,
type equation,1,,
s action,1,,
parameter category,1,,
category object,1,,
parameter space,1,,
iteration version,1,,
iteration description,1,,
ultraproduct monad,1,,
Kan fibration,1,,
inverse image,1,,
John Longley,1,,
Jaap Oosten,1,,
van Oosten,1,,
Indexed Cat,1,,
KZ doctrine,1,,
base semialgebra,1,,
R. Rosebrugh,1,,
R.J. Wood,1,,
duality theorem,1,,
Tannaka adjunction,1,,
Day convolution,1,,
hopf bimonoid,1,,
n operad,1,,
strictification functor,1,,
Periodic Table,1,,
topos inclusion,1,,
fibration structure,1,,
torsion bundle,1,,
Serre Swan,1,,
Swan theorem,1,,
Lawvere Tierney,1,,
Tierney topology,1,,
existence result,1,,
functor factorization,1,,
factorization result,1,,
Applegate Tierney,1,,
J. Giraud,1,,
recognition principle,1,,
J.H. Smith,1,,
J. Bergner,1,,
dg algebra,1,,
Hodge complex,1,,
resulting colimit,1,,
hom object,1,,
prefactorization system,1,,
Gelfand spectrum,1,,
Kullback Leibler,1,,
Leibler divergence,1,,
probability theory,1,,
measurement process,1,,
scalar multiple,1,,
enrichment base,1,,
Street Walters,1,,
Leibniz type,1,,
Kan property,1,,
composition rule,1,,
Reedy axiom,1,,
category axiom,1,,
space structure,1,,
f scheme,1,,
Arakelov compactification,1,,
affine variety,1,,
arithmetic variety,1,,
space construction,1,,
Grothendieck group,1,,
group construction,1,,
flow category,1,,
Morse index,1,,
Morse space,1,,
modulus space,1,,
epi factorization,1,,
mono factorization,1,,
group representation,1,,
initia groupoid,1,,
character formula,1,,
Stone topology,1,,
groupoid morphism,1,,
limit type,1,,
closure phenomenon,1,,
Cat operad,1,,
Chan Mo,1,,
Hong Mo,1,,
Tsou Tsun,1,,
Sheung Tsun,1,,
gauge covariance,1,,
comparison cell,1,,
kind span,1,,
space theory,1,,
unit disk,1,,
c covering,1,,
subgroup lattice,1,,
covering category,1,,
whisker topology,1,,
hull Fan,1,,
Fan covering,1,,
system cc,1,,
fiber product,1,,
Stone Cech,1,,
Cech compactification,1,,
Gil Lamadrid,1,,
module coalgebra,1,,
comodule algebra,1,,
base manifold,1,,
orbifold groupoid,1,,
presentation theory,1,,
Day Reflection,1,,
Reflection Theorem,1,,
Moore coalgebra,1,,
Hochschild Serre,1,,
dimension hypothesis,1,,
ind scheme,1,,
indexing poset,1,,
Stable Codiscreteness,1,,
Connected Codiscreteness,1,,
action theory,1,,
space k,1,,
dagger frobenius,1,,
frobenius structure,1,,
zx calculus,1,,
q powerset,1,,
space model,1,,
accessibility property,1,,
accessibility rank,1,,
opening section,1,,
bagdomain datum,1,,
Galois connection,1,,
pseudofunctor p,1,,
object image,1,,
category projection,1,,
factor class,1,,
Kleisli construction,1,,
limit closure,1,,
inclusion exclusion,1,,
exclusion principle,1,,
downset lattice,1,,
sheaf category,1,,
fibre product,1,,
homotopy pullback,1,,
Lie algebras,1,,
t cell,1,,
homotopy construction,1,,
homotopy set,1,,
self homotopy,1,,
shape theory,1,,
proximity relation,1,,
category pdv,1,,
proximity lattice,1,,
category bav,1,,
proximity Dedekind,1,,
category KHaus,1,,
Yosida Representation,1,,
Kakutani Krein,1,,
Krein Duality,1,,
Stone Naimark,1,,
Gelfand Naimark,1,,
Naimark Duality,1,,
Stone Nakano,1,,
Nakano Theorem,1,,
Cartmell Streicher,1,,
Streicher structure,1,,
Frobenius Moore,1,,
cocylinder factorization,1,,
gluing operation,1,,
k morphism,1,,
morphism face,1,,
Tierney descent,1,,
sl functor,1,,
functor rel,1,,
Tannaka theorem,1,,
Deligne Tannakian,1,,
algebroid l,1,,
l comodule,1,,
base technique,1,,
q poset,1,,
adjointness condition,1,,
corresponding module,1,,
Yoneda lemma,1,,
Fermat real,1,,
Fermat space,1,,
coherence law,1,,
resistor network,1,,
Joyal equivalence,1,,
cofiber sequence,1,,
orbit counting,1,,
counting theorem,1,,
ei category,1,,
Kleene Vesley,1,,
Vesley tripo,1,,
gerbal representation,1,,
diagram formalism,1,,
inertia groupoid,1,,
section functor,1,,
support map,1,,
continuity condition,1,,
Vietoris topology,1,,
support topology,1,,
morphism axiom,1,,
existence theorem,1,,
diagram structure,1,,
T. Everaert,1,,
T. Linden,1,,
Van Linden,1,,
der Linden,1,,
transition functor,1,,
cotriple description,1,,
Chow group,1,,
Isbell duality,1,,
frame l,1,,
pseudomonadicity characterization,1,,
Le Creurer,1,,
quandle extension,1,,
Euler form,1,,
part series,1,,
object bicategory,1,,
variety theorem,1,,
size condition,1,,
face category,1,,
proof technique,1,,
operation approach,1,,
mal'tsev object,1,,
metric space,1,,
operad Phyl,1,,
n tree,1,,
Markov model,1,,
genome datum,1,,
operad com,1,,
Cartan Eilenberg,1,,
Eilenberg structure,1,,
scale program,1,,
Hopf polyad,1,,
Batista Vercruysse,1,,
Caenepeel Vercruysse,1,,
Bohm Lack,1,,
Dold Kan,1,,
Kan type,1,,
type equivalence,1,,
finiteness condition,1,,
Olschok model,1,,
Sassone system,1,,
past similarity,1,,
posemigroup s,1,,
join homomorphism,1,,
adjunction morphism,1,,
Beilinson Chern,1,,
Chern class,1,,
cotangent bundle,1,,
line bundle,1,,
Atiyah class,1,,
Koszul Malgrange,1,,
Malgrange theorem,1,,
apex n,1,,
chemical reaction,1,,
triviality condition,1,,
n variable,1,,
Lane cohomology,1,,
Urysohn type,1,,
type lemma,1,,
metrization theorem,1,,
Alexandroff Urysohn,1,,
Urysohn Theorem,1,,
Birkhoff Kakutani,1,,
Kakutani Theorem,1,,
Bianchi identity,1,,
p compactness,1,,
Hausdorff separation,1,,
separation property,1,,
level topology,1,,
compactification technique,1,,
model method,1,,
neighbour relation,1,,
wave front,1,,
length functor,1,,
Q Cat,1,,
monad p,1,,
2 monad,1,,
Cobordism Hypothesis,1,,
Quantum Field,1,,
functor model,1,,
programming language,1,,
Tomer Schlank,1,,
Michael Joachim,1,,
Snigdhayan Mahanta,1,,
kawamata pair,1,,
log pair,1,,
terminal pair,1,,
difference Galois,1,,
module algebra,1,,
Galois group,1,,
codomain functor,1,,
domain functor,1,,
Baez Dolan,1,,
Getzler Kapranov,1,,
Tangent Structures,1,,
functor t,1,,
Weil algebras,1,,
relation corelation,1,,
collection h,1,,
Kan injective,1,,
injective consequence,1,,
injectivity consequence,1,,
truncation set,1,,
Bourn monomorphism,1,,
Mal'tesv category,1,,
category category,1,,
nerve construction,1,,
A.I. Bondal,1,,
M. Kapranov,1,,
Cuntz Krieger,1,,
Zappa Szep,1,,
Szep product,1,,
Exel Pardo,1,,
Pardo algebra,1,,
row finite,1,,
finite graph,1,,
coarse graining,1,,
black box,1,,
isotropy quotient,1,,
isotropy action,1,,
limit sketch,1,,
sequence alignment,1,,
pseudomonad structure,1,,
Bruno construction,1,,
comonad Faa,1,,
Bruno formula,1,,
topos Set,1,,
Sierpinski space,1,,
specialization pre,1,,
deformation complex,1,,
Kapranov Manin,1,,
deformation functor,1,,
n coalgebra,1,,
quantum category,1,,
Fell bundle,1,,
bundle structure,1,,
cocycle twisting,1,,
limit diagram,1,,
semigroup homomorphism,1,,
coalgebra morphism,1,,
product coalgebra,1,,
Yetter Drinfeld,1,,
Drinfeld module,1,,
structure theorem,1,,
Van Oystaeyen,1,,
engineering application,1,,
circuit theory,1,,
boxing functor,1,,
Rosebrugh Walters,1,,
Sabadini Walters,1,,
Walters result,1,,
spark complex,1,,
spark character,1,,
matrix algebra,1,,
quantum field,1,,
Richard Brauer,1,,
morphism cospan,1,,
corelation category,1,,
modelling language,1,,
network language,1,,
push map,1,,
Topological Data,1,,
Data Analysis,1,,
Hausdorff distance,1,,
order isotropy,1,,
ordinal invariant,1,,
Kan adjunction,1,,
q distributor,1,,
Girard quantale,1,,
locale monad,1,,
Frobenius adjunction,1,,
span category,1,,
complement diagram,1,,
descent category,1,,
Descent II,1,,
Benabou Roubaud,1,,
Roubaud theorem,1,,
Galois Theorem,1,,
pseudomonad theory,1,,
adjoint triangle,1,,
descent object,1,,
guide template,1,,
uniqueness statement,1,,
Tate space,1,,
duality functor,1,,
intersection number,1,,
Pontryagin duality,1,,
smash product,1,,
Hopf H,1,,
algebra H,1,,
vietoris coalgebra,1,,
Feynman category,1,,
Kaufmann Ward,1,,
Guitart exactness,1,,
category monad,1,,
graph rewriting,1,,
Leibniz algebras,1,,
pushout rule,1,,
rewrite rule,1,,
Injective Problem,1,,
Subcategory Problem,1,,
Laurent Schwartz,1,,
completeness condition,1,,
quasi completeness,1,,
k reflexivity,1,,
Schwartz space,1,,
Nuclear Spaces,1,,
reflexivity condition,1,,
dialogue category,1,,
R. Neves,1,,
P. Nora,1,,
Gumm category,1,,
Z. Janelidze,1,,
structure semantic,1,,
semantic adjointness,1,,
adjointness result,1,,
paper series,1,,
standard construction,1,,
form construction,1,,
Connes operation,1,,
fusion operation,1,,
Jones index,1,,
computer algebra,1,,
algebra system,1,,
Noether Isomorphism,1,,
Isomorphism Theorems,1,,
Zassenhaus Lemma,1,,
inverse problem,1,,
object action,1,,
Norrie actor,1,,
Hausdorff functor,1,,
spectrum object,1,,
finiteness assumption,1,,
domain category,1,,
Noether isomorphism,1,,
L. M\arki,1,,
commutator theory,1,,
output cell,1,,
C. Simpson,1,,
semi theorem,1,,
Grothendieck fibration,1,,
op fibration,1,,
composition lemma,1,,
Fubini theorem,1,,
characterisation description,1,,
Lie structure,1,,
groupoid structure,1,,
functor lie,1,,
game semantic,1,,
fibredness property,1,,
congruence modularity,1,,
dagger category,1,,
dagger adjoint,1,,
dagger colimit,1,,
well closedness,1,,
affine structure,1,,
Moore construction,1,,
Lopez Franco,1,,
product algebra,1,,
majority term,1,,
comajority category,1,,
exact context,1,,
exact category,1,,
Radon measure,1,,
Kantorovich Wasserstein,1,,
Wasserstein distance,1,,
Giry monad,1,,
van Breugel,1,,
colimit characterization,1,,
integration theory,1,,
measure theory,1,,
affine map,1,,
Koenig Zhu,1,,
Demonet Liu,1,,
cluster tilting,1,,
tilting subcategorie,1,,
cluster tilt,1,,
Buan Scott,1,,
Iyama Scott,1,,
Reiten Scott,1,,
Zhou Zhu,1,,
cobar duality,1,,
operation formalism,1,,
Koszul duality,1,,
pull back,1,,
exact e,1,,
object category,1,,
B. Toen,1,,
M. Vaquie,1,,
pie limit,1,,
operad adjunction,1,,
dg category,1,,
homotopy transfer,1,,
transfer problem,1,,
Leinster Segal,1,,
Segal algebra,1,,
continuity axiom,1,,
equivalence theorem,1,,
Robert MacPherson,1,,
constructibility condition,1,,
entrance path,1,,
path category,1,,
excision condition,1,,
Weiss calculus,1,,
manifold calculus,1,,
simplex category,1,,
boxing problem,1,,
corelation method,1,,
Quillen adjunction,1,,
Kan Quillen,1,,
Verity structure,1,,
localization result,1,,
model bicategory,1,,
restriction presheave,1,,
monoid axiom,1,,
t norm,1,,
,1,,
,1,,
,1,,
,1,,
,1,,
,1,,
,1,,
,1,,
