candidate,frequency,links
word problem,2,wikidata.org/wiki/Q3406273;wikidata.org/wiki/Q255912;wikidata.org/wiki/Q8034366;wikidata.org/wiki/Q57622426;wikidata.org/wiki/Q8034369;wikidata.org/wiki/Q116184245;wikidata.org/wiki/Q37618809;wikidata.org/wiki/Q56068238;wikidata.org/wiki/Q111639090;wikidata.org/wiki/Q99733642
free double category,1,wikidata.org/wiki/Q521147;wikidata.org/wiki/Q1242932;wikidata.org/wiki/Q220148;wikidata.org/wiki/Q25431660;wikidata.org/wiki/Q1440730;wikidata.org/wiki/Q8472142
double category,30,wikidata.org/wiki/Q61834696;wikidata.org/wiki/Q3240892;wikidata.org/wiki/Q775940;wikidata.org/wiki/Q1327951;wikidata.org/wiki/Q478209;wikidata.org/wiki/Q622964;wikidata.org/wiki/Q1076529;wikidata.org/wiki/Q277855;wikidata.org/wiki/Q192803;wikidata.org/wiki/Q837381
quadratic algorithm,1,wikidata.org/wiki/Q1151850;wikidata.org/wiki/Q846780;wikidata.org/wiki/Q113104124;wikidata.org/wiki/Q3099784;wikidata.org/wiki/Q57397206;wikidata.org/wiki/Q2448949;wikidata.org/wiki/Q112835895;wikidata.org/wiki/Q56139875;wikidata.org/wiki/Q77698353;wikidata.org/wiki/Q64356158
free double category,2,wikidata.org/wiki/Q521147;wikidata.org/wiki/Q1242932;wikidata.org/wiki/Q220148;wikidata.org/wiki/Q25431660;wikidata.org/wiki/Q1440730;wikidata.org/wiki/Q8472142
double category,48,wikidata.org/wiki/Q99613675;wikidata.org/wiki/Q3240892;wikidata.org/wiki/Q775940;wikidata.org/wiki/Q1327951;wikidata.org/wiki/Q58919727;wikidata.org/wiki/Q478209;wikidata.org/wiki/Q622964;wikidata.org/wiki/Q1076529;wikidata.org/wiki/Q277855;wikidata.org/wiki/Q192803
own right,3,wikidata.org/wiki/Q2699324;wikidata.org/wiki/Q112039202;wikidata.org/wiki/Q113672983;wikidata.org/wiki/Q19643;wikidata.org/wiki/Q95478241;wikidata.org/wiki/Q15264045;wikidata.org/wiki/Q7200276;wikidata.org/wiki/Q76516866;wikidata.org/wiki/Q1758043;wikidata.org/wiki/Q19043385
pinwheel problem,1,wikidata.org/wiki/Q65077715
fold vector bundle,2,
fold vector,4,wikidata.org/wiki/Q57713357;wikidata.org/wiki/Q48681384;wikidata.org/wiki/Q58778984;wikidata.org/wiki/Q91005888;wikidata.org/wiki/Q31153908;wikidata.org/wiki/Q51899450;wikidata.org/wiki/Q30396942;wikidata.org/wiki/Q92659905;wikidata.org/wiki/Q47369759;wikidata.org/wiki/Q51899409
vector bundle,11,wikidata.org/wiki/Q59574838;wikidata.org/wiki/Q97356881;wikidata.org/wiki/Q30694102;wikidata.org/wiki/Q7917819;wikidata.org/wiki/Q6424285;wikidata.org/wiki/Q25098871;wikidata.org/wiki/Q114716213;wikidata.org/wiki/Q5527635;wikidata.org/wiki/Q25303680;wikidata.org/wiki/Q60162866
special functor,1,wikidata.org/wiki/Q5761225
n - cube,1,wikidata.org/wiki/Q213723;wikidata.org/wiki/Q173637;wikidata.org/wiki/Q58119274;wikidata.org/wiki/Q56001800;wikidata.org/wiki/Q56959395;wikidata.org/wiki/Q812880;wikidata.org/wiki/Q59292484;wikidata.org/wiki/Q56699790;wikidata.org/wiki/Q56039649;wikidata.org/wiki/Q59145188
cube category,1,wikidata.org/wiki/Q1470118;wikidata.org/wiki/Q937013;wikidata.org/wiki/Q1166083;wikidata.org/wiki/Q1042920;wikidata.org/wiki/Q2299136;wikidata.org/wiki/Q1071123;wikidata.org/wiki/Q1788746;wikidata.org/wiki/Q2357537;wikidata.org/wiki/Q244877;wikidata.org/wiki/Q1165443
smooth manifold,5,wikidata.org/wiki/Q17102744;wikidata.org/wiki/Q98929414;wikidata.org/wiki/Q7118822;wikidata.org/wiki/Q78338964;wikidata.org/wiki/Q5160993;wikidata.org/wiki/Q1058314;wikidata.org/wiki/Q867141;wikidata.org/wiki/Q56268025;wikidata.org/wiki/Q6543824;wikidata.org/wiki/Q59695761
fold vector bundle,2,
vector bundle,8,wikidata.org/wiki/Q658429;wikidata.org/wiki/Q521075;wikidata.org/wiki/Q2325488;wikidata.org/wiki/Q9289328;wikidata.org/wiki/Q113493107;wikidata.org/wiki/Q23807936;wikidata.org/wiki/Q1541134;wikidata.org/wiki/Q5457856;wikidata.org/wiki/Q18705746;wikidata.org/wiki/Q19598250
canonical isomorphism,2,
colimit argument,1,
∞-fold vector bundle,1,
∞-fold vector,1,wikidata.org/wiki/Q57713357;wikidata.org/wiki/Q48681384;wikidata.org/wiki/Q58778984;wikidata.org/wiki/Q91005888;wikidata.org/wiki/Q31153908;wikidata.org/wiki/Q51899450;wikidata.org/wiki/Q30396942;wikidata.org/wiki/Q92659905;wikidata.org/wiki/Q47369759;wikidata.org/wiki/Q51899409
canonical decomposition,1,wikidata.org/wiki/Q62569156;wikidata.org/wiki/Q62569168;wikidata.org/wiki/Q115684468;wikidata.org/wiki/Q59464527;wikidata.org/wiki/Q37229908;wikidata.org/wiki/Q58121913;wikidata.org/wiki/Q113309840;wikidata.org/wiki/Q57979312;wikidata.org/wiki/Q67109094;wikidata.org/wiki/Q106269833
triple vector bundle,1,
triple vector,1,wikidata.org/wiki/Q37485203;wikidata.org/wiki/Q74432325;wikidata.org/wiki/Q34461578;wikidata.org/wiki/Q5812140;wikidata.org/wiki/Q36256366;wikidata.org/wiki/Q11358307;wikidata.org/wiki/Q36248;wikidata.org/wiki/Q80616996;wikidata.org/wiki/Q35943417;wikidata.org/wiki/Q38290450
generalised orbifold,1,wikidata.org/wiki/Q107238874;wikidata.org/wiki/Q107238869
Turaev theory,1,wikidata.org/wiki/Q60308780;wikidata.org/wiki/Q114570115
modular tensor category,1,wikidata.org/wiki/Q33936615;wikidata.org/wiki/Q57090042;wikidata.org/wiki/Q33936705;wikidata.org/wiki/Q114211521
modular tensor,1,wikidata.org/wiki/Q56987380;wikidata.org/wiki/Q56987399;wikidata.org/wiki/Q96580441;wikidata.org/wiki/Q33936615;wikidata.org/wiki/Q33936705;wikidata.org/wiki/Q114211521;wikidata.org/wiki/Q57090042;wikidata.org/wiki/Q33235213;wikidata.org/wiki/Q115240072;wikidata.org/wiki/Q114020849
tensor category,3,wikidata.org/wiki/Q1945014;wikidata.org/wiki/Q17103860;wikidata.org/wiki/Q30088257;wikidata.org/wiki/Q62443690;wikidata.org/wiki/Q13409892;wikidata.org/wiki/Q1758924;wikidata.org/wiki/Q1429453;wikidata.org/wiki/Q1073869;wikidata.org/wiki/Q21447895;wikidata.org/wiki/Q8843500
defect tqft,2,
spherical fusion category,1,wikidata.org/wiki/Q1916962;wikidata.org/wiki/Q3873195;wikidata.org/wiki/Q108870270
spherical fusion,1,wikidata.org/wiki/Q7576717;wikidata.org/wiki/Q1916962;wikidata.org/wiki/Q85802582;wikidata.org/wiki/Q3873195;wikidata.org/wiki/Q72878071;wikidata.org/wiki/Q22329010;wikidata.org/wiki/Q77542946;wikidata.org/wiki/Q108870270;wikidata.org/wiki/Q60163617;wikidata.org/wiki/Q92983391
fusion category,1,wikidata.org/wiki/Q91854310;wikidata.org/wiki/Q100343653;wikidata.org/wiki/Q2291593;wikidata.org/wiki/Q378183;wikidata.org/wiki/Q6556360;wikidata.org/wiki/Q106080;wikidata.org/wiki/Q1360044;wikidata.org/wiki/Q484790;wikidata.org/wiki/Q920675;wikidata.org/wiki/Q7045566
group orbifold,1,wikidata.org/wiki/Q74409533;wikidata.org/wiki/Q12797591;wikidata.org/wiki/Q113880845;wikidata.org/wiki/Q115380980;wikidata.org/wiki/Q115238934;wikidata.org/wiki/Q56973348;wikidata.org/wiki/Q56830637;wikidata.org/wiki/Q115335814;wikidata.org/wiki/Q74412205;wikidata.org/wiki/Q115231099
finite group,7,wikidata.org/wiki/Q1057968;wikidata.org/wiki/Q7574823;wikidata.org/wiki/Q7784284;wikidata.org/wiki/Q3075177;wikidata.org/wiki/Q7116928;wikidata.org/wiki/Q5256410;wikidata.org/wiki/Q7051824;wikidata.org/wiki/Q6951483;wikidata.org/wiki/Q6664682;wikidata.org/wiki/Q797816
separable Frobenius algebra,1,
Frobenius algebra,2,wikidata.org/wiki/Q105633485;wikidata.org/wiki/Q59015390;wikidata.org/wiki/Q58174558;wikidata.org/wiki/Q57006531;wikidata.org/wiki/Q112879907;wikidata.org/wiki/Q112879910;wikidata.org/wiki/Q104173622;wikidata.org/wiki/Q1361031;wikidata.org/wiki/Q5505100;wikidata.org/wiki/Q114614686
Viro state sum,1,wikidata.org/wiki/Q60308781
Viro state,1,wikidata.org/wiki/Q191;wikidata.org/wiki/Q38801790;wikidata.org/wiki/Q60308781;wikidata.org/wiki/Q64382904;wikidata.org/wiki/Q21558674;wikidata.org/wiki/Q45745419;wikidata.org/wiki/Q44214880;wikidata.org/wiki/Q41338018;wikidata.org/wiki/Q40984011;wikidata.org/wiki/Q44094071
state sum construction,1,
state sum,1,wikidata.org/wiki/Q60308781;wikidata.org/wiki/Q55968135;wikidata.org/wiki/Q59607582;wikidata.org/wiki/Q66965164;wikidata.org/wiki/Q77881132;wikidata.org/wiki/Q98597734;wikidata.org/wiki/Q35457092;wikidata.org/wiki/Q1131600;wikidata.org/wiki/Q65993702;wikidata.org/wiki/Q1045
sum construction,1,wikidata.org/wiki/Q65038110;wikidata.org/wiki/Q811705;wikidata.org/wiki/Q692689;wikidata.org/wiki/Q67173031;wikidata.org/wiki/Q115355990;wikidata.org/wiki/Q26327621;wikidata.org/wiki/Q79582953;wikidata.org/wiki/Q49074490;wikidata.org/wiki/Q84413788;wikidata.org/wiki/Q50622224
general setting,2,wikidata.org/wiki/Q74487038;wikidata.org/wiki/Q71015542;wikidata.org/wiki/Q56138616;wikidata.org/wiki/Q58528880;wikidata.org/wiki/Q82164412;wikidata.org/wiki/Q59051723;wikidata.org/wiki/Q58062941;wikidata.org/wiki/Q60696515;wikidata.org/wiki/Q6500773;wikidata.org/wiki/Q51892066
ribbon tensor category,1,
ribbon tensor,1,
tensor category,1,wikidata.org/wiki/Q55877599;wikidata.org/wiki/Q59410249;wikidata.org/wiki/Q55919894;wikidata.org/wiki/Q57090042;wikidata.org/wiki/Q111636997;wikidata.org/wiki/Q29031924;wikidata.org/wiki/Q33936615;wikidata.org/wiki/Q114039858;wikidata.org/wiki/Q33936705;wikidata.org/wiki/Q114073232
Morita equivalence,7,wikidata.org/wiki/Q6912366;wikidata.org/wiki/Q78210893;wikidata.org/wiki/Q58705666;wikidata.org/wiki/Q60143375;wikidata.org/wiki/Q57726827;wikidata.org/wiki/Q115199636;wikidata.org/wiki/Q115163821;wikidata.org/wiki/Q56285855;wikidata.org/wiki/Q114233771;wikidata.org/wiki/Q114845159
isomorphic orbifold,1,
Yamagami category,1,wikidata.org/wiki/Q11465856;wikidata.org/wiki/Q11470801;wikidata.org/wiki/Q64481804;wikidata.org/wiki/Q24869317;wikidata.org/wiki/Q51876797
particular example,1,wikidata.org/wiki/Q2976603;wikidata.org/wiki/Q1725409;wikidata.org/wiki/Q112859333;wikidata.org/wiki/Q908074;wikidata.org/wiki/Q21503252;wikidata.org/wiki/Q1141237;wikidata.org/wiki/Q106916265;wikidata.org/wiki/Q22289311;wikidata.org/wiki/Q18710;wikidata.org/wiki/Q46079868
extension map u,1,wikidata.org/wiki/Q101290603;wikidata.org/wiki/Q43217591;wikidata.org/wiki/Q52041775
extension map,1,wikidata.org/wiki/Q20321413;wikidata.org/wiki/Q20344410;wikidata.org/wiki/Q21678829;wikidata.org/wiki/Q21677067;wikidata.org/wiki/Q22729786;wikidata.org/wiki/Q21677529;wikidata.org/wiki/Q6861974;wikidata.org/wiki/Q95996340;wikidata.org/wiki/Q21678485;wikidata.org/wiki/Q21679342
map u,1,wikidata.org/wiki/Q61842716;wikidata.org/wiki/Q116742152;wikidata.org/wiki/Q111528660;wikidata.org/wiki/Q27030844;wikidata.org/wiki/Q2790670;wikidata.org/wiki/Q110895251;wikidata.org/wiki/Q67222184;wikidata.org/wiki/Q97152435;wikidata.org/wiki/Q111528286;wikidata.org/wiki/Q67222237
arithmetic universe,1,
Chevalley criterion,1,
elementary topos,2,wikidata.org/wiki/Q113936655;wikidata.org/wiki/Q2143621;wikidata.org/wiki/Q114589109
classifier p,1,wikidata.org/wiki/Q63153;wikidata.org/wiki/Q1744627;wikidata.org/wiki/Q812530;wikidata.org/wiki/Q8269924;wikidata.org/wiki/Q4223017;wikidata.org/wiki/Q113573471;wikidata.org/wiki/Q57013542;wikidata.org/wiki/Q113568933;wikidata.org/wiki/Q1096149;wikidata.org/wiki/Q2116774
representable definition,1,wikidata.org/wiki/Q1396457;wikidata.org/wiki/Q1508788;wikidata.org/wiki/Q8819;wikidata.org/wiki/Q1045785;wikidata.org/wiki/Q2660357;wikidata.org/wiki/Q33951285;wikidata.org/wiki/Q92780862;wikidata.org/wiki/Q92781274;wikidata.org/wiki/Q36442775;wikidata.org/wiki/Q111718665
elementary topos,3,wikidata.org/wiki/Q2143621;wikidata.org/wiki/Q114589056
geometric morphism,5,wikidata.org/wiki/Q56533599;wikidata.org/wiki/Q110142054;wikidata.org/wiki/Q51318882;wikidata.org/wiki/Q53207803;wikidata.org/wiki/Q56533599;wikidata.org/wiki/Q110142054;wikidata.org/wiki/Q51318882;wikidata.org/wiki/Q53207803
monoidal closed model,2,
closed model category,3,wikidata.org/wiki/Q1941896;wikidata.org/wiki/Q20375283;wikidata.org/wiki/Q104215964
closed model,3,wikidata.org/wiki/Q5420362;wikidata.org/wiki/Q1941896;wikidata.org/wiki/Q70166875;wikidata.org/wiki/Q74509350;wikidata.org/wiki/Q75187953;wikidata.org/wiki/Q74316321;wikidata.org/wiki/Q99447461;wikidata.org/wiki/Q309070;wikidata.org/wiki/Q71292366;wikidata.org/wiki/Q6732091
model category,74,wikidata.org/wiki/Q1941896;wikidata.org/wiki/Q16928125;wikidata.org/wiki/Q486902;wikidata.org/wiki/Q905563;wikidata.org/wiki/Q176769;wikidata.org/wiki/Q728711;wikidata.org/wiki/Q900806;wikidata.org/wiki/Q392811;wikidata.org/wiki/Q6498959;wikidata.org/wiki/Q616374
commutative monoidal category,2,
monoidal category,41,wikidata.org/wiki/Q54410405;wikidata.org/wiki/Q56687285;wikidata.org/wiki/Q59884671;wikidata.org/wiki/Q56687303;wikidata.org/wiki/Q56687269;wikidata.org/wiki/Q56687274;wikidata.org/wiki/Q115193800;wikidata.org/wiki/Q1945014;wikidata.org/wiki/Q113200504;wikidata.org/wiki/Q113317479;wikidata.org/wiki/Q54410405;wikidata.org/wiki/Q56687285;wikidata.org/wiki/Q59884671;wikidata.org/wiki/Q56687303;wikidata.org/wiki/Q56687269;wikidata.org/wiki/Q56687274;wikidata.org/wiki/Q115193800;wikidata.org/wiki/Q1945014;wikidata.org/wiki/Q113200504;wikidata.org/wiki/Q113317479
main aim,1,wikidata.org/wiki/Q5412776;wikidata.org/wiki/Q72739527;wikidata.org/wiki/Q58072635;wikidata.org/wiki/Q17059560;wikidata.org/wiki/Q4986492;wikidata.org/wiki/Q18351283;wikidata.org/wiki/Q209538;wikidata.org/wiki/Q14864327;wikidata.org/wiki/Q1359224;wikidata.org/wiki/Q80402528
Quillen equivalence,4,
natural model category,2,wikidata.org/wiki/Q14448171;wikidata.org/wiki/Q1503197;wikidata.org/wiki/Q183493;wikidata.org/wiki/Q92588703;wikidata.org/wiki/Q3455898;wikidata.org/wiki/Q107409966;wikidata.org/wiki/Q15418681;wikidata.org/wiki/Q835748;wikidata.org/wiki/Q57176812;wikidata.org/wiki/Q9658264
natural model,2,wikidata.org/wiki/Q37505445;wikidata.org/wiki/Q37450619;wikidata.org/wiki/Q70379521;wikidata.org/wiki/Q37438249;wikidata.org/wiki/Q37535521;wikidata.org/wiki/Q54045902;wikidata.org/wiki/Q38025820;wikidata.org/wiki/Q15746122;wikidata.org/wiki/Q57704747;wikidata.org/wiki/Q70632374
right adjoint,17,wikidata.org/wiki/Q357858;wikidata.org/wiki/Q57861184
Nerve functor,1,
exact sequence,7,wikidata.org/wiki/Q381725;wikidata.org/wiki/Q4650007;wikidata.org/wiki/Q1326955;wikidata.org/wiki/Q33211299;wikidata.org/wiki/Q112881713;wikidata.org/wiki/Q1816943;wikidata.org/wiki/Q104549830;wikidata.org/wiki/Q15304597;wikidata.org/wiki/Q65122157;wikidata.org/wiki/Q5455808;wikidata.org/wiki/Q381725;wikidata.org/wiki/Q4650007;wikidata.org/wiki/Q1326955;wikidata.org/wiki/Q33211299;wikidata.org/wiki/Q112881713;wikidata.org/wiki/Q1816943;wikidata.org/wiki/Q104549830;wikidata.org/wiki/Q15304597;wikidata.org/wiki/Q65122157;wikidata.org/wiki/Q5455808
enchilada category,2,wikidata.org/wiki/Q876096;wikidata.org/wiki/Q18019960
product functor,2,wikidata.org/wiki/Q37268810;wikidata.org/wiki/Q56506171;wikidata.org/wiki/Q20809078;wikidata.org/wiki/Q4975963;wikidata.org/wiki/Q114572958;wikidata.org/wiki/Q114094164;wikidata.org/wiki/Q101119493;wikidata.org/wiki/Q115337417;wikidata.org/wiki/Q115356894;wikidata.org/wiki/Q115356273
enchilada category,2,wikidata.org/wiki/Q876096;wikidata.org/wiki/Q18019960
Connes conjecture,1,wikidata.org/wiki/Q2993305;wikidata.org/wiki/Q59345887;wikidata.org/wiki/Q59701765;wikidata.org/wiki/Q59701762;wikidata.org/wiki/Q111642106;wikidata.org/wiki/Q116116555;wikidata.org/wiki/Q113822954;wikidata.org/wiki/Q113691977;wikidata.org/wiki/Q56226488
numerous result,1,wikidata.org/wiki/Q34752774;wikidata.org/wiki/Q47136112;wikidata.org/wiki/Q4944687;wikidata.org/wiki/Q21757660;wikidata.org/wiki/Q14865217;wikidata.org/wiki/Q1477777;wikidata.org/wiki/Q30069150;wikidata.org/wiki/Q18557678;wikidata.org/wiki/Q21100531;wikidata.org/wiki/Q21758260
combinatorial model category,7,
combinatorial model,10,wikidata.org/wiki/Q5961284;wikidata.org/wiki/Q56269809;wikidata.org/wiki/Q66835810;wikidata.org/wiki/Q37703371;wikidata.org/wiki/Q34592163;wikidata.org/wiki/Q57033151;wikidata.org/wiki/Q37244371;wikidata.org/wiki/Q37621455;wikidata.org/wiki/Q64114116;wikidata.org/wiki/Q34651302
model category structure,7,wikidata.org/wiki/Q57571124;wikidata.org/wiki/Q146813;wikidata.org/wiki/Q114127982;wikidata.org/wiki/Q871236;wikidata.org/wiki/Q275411;wikidata.org/wiki/Q93939012;wikidata.org/wiki/Q110876622;wikidata.org/wiki/Q110876617;wikidata.org/wiki/Q110876682;wikidata.org/wiki/Q6495
category structure,7,wikidata.org/wiki/Q1093894;wikidata.org/wiki/Q217413;wikidata.org/wiki/Q935773;wikidata.org/wiki/Q1458429;wikidata.org/wiki/Q766195;wikidata.org/wiki/Q910150;wikidata.org/wiki/Q19307743;wikidata.org/wiki/Q11410;wikidata.org/wiki/Q2065736;wikidata.org/wiki/Q7215292
preadditive category,2,wikidata.org/wiki/Q2099981;wikidata.org/wiki/Q7254426;wikidata.org/wiki/Q4681343;wikidata.org/wiki/Q66714954
additive category,2,wikidata.org/wiki/Q114682643;wikidata.org/wiki/Q56687267;wikidata.org/wiki/Q112881710;wikidata.org/wiki/Q114682642;wikidata.org/wiki/Q113317486;wikidata.org/wiki/Q221945;wikidata.org/wiki/Q353267;wikidata.org/wiki/Q392480;wikidata.org/wiki/Q4681343;wikidata.org/wiki/Q360931
fibrant object,8,wikidata.org/wiki/Q5446408
Bousfield localization,2,wikidata.org/wiki/Q17003697
corresponding infinity,1,
systematic construction,2,wikidata.org/wiki/Q83230414;wikidata.org/wiki/Q88685746;wikidata.org/wiki/Q91058477;wikidata.org/wiki/Q59270976;wikidata.org/wiki/Q57670763;wikidata.org/wiki/Q92448822;wikidata.org/wiki/Q90813675;wikidata.org/wiki/Q59401531;wikidata.org/wiki/Q75787608;wikidata.org/wiki/Q68538956
coarse algebraic k,1,wikidata.org/wiki/Q147978;wikidata.org/wiki/Q59602765;wikidata.org/wiki/Q113691977
algebraic k,4,wikidata.org/wiki/Q2553675;wikidata.org/wiki/Q17012383;wikidata.org/wiki/Q7606830;wikidata.org/wiki/Q17015004;wikidata.org/wiki/Q85745623;wikidata.org/wiki/Q16843249;wikidata.org/wiki/Q17126077;wikidata.org/wiki/Q55953081;wikidata.org/wiki/Q56384496;wikidata.org/wiki/Q61677706
additive category,3,wikidata.org/wiki/Q4681343;wikidata.org/wiki/Q2099981;wikidata.org/wiki/Q7239192;wikidata.org/wiki/Q221945;wikidata.org/wiki/Q353267;wikidata.org/wiki/Q392480;wikidata.org/wiki/Q360931;wikidata.org/wiki/Q353280;wikidata.org/wiki/Q798358;wikidata.org/wiki/Q3485291
equivariant version,1,wikidata.org/wiki/Q6917002;wikidata.org/wiki/Q116100250;wikidata.org/wiki/Q57661639
double poisson,1,wikidata.org/wiki/Q93176223;wikidata.org/wiki/Q58921231;wikidata.org/wiki/Q43693398;wikidata.org/wiki/Q255656;wikidata.org/wiki/Q66839258;wikidata.org/wiki/Q91467226;wikidata.org/wiki/Q232970;wikidata.org/wiki/Q89116758;wikidata.org/wiki/Q81006532;wikidata.org/wiki/Q102070406
Rinehart structure,1,wikidata.org/wiki/Q70945048;wikidata.org/wiki/Q115234714;wikidata.org/wiki/Q70816655;wikidata.org/wiki/Q67586875;wikidata.org/wiki/Q72798136;wikidata.org/wiki/Q34317716;wikidata.org/wiki/Q78328876;wikidata.org/wiki/Q68758356;wikidata.org/wiki/Q54506076;wikidata.org/wiki/Q44895759
monoidal abelian category,1,
abelian category,20,wikidata.org/wiki/Q318737;wikidata.org/wiki/Q30715304;wikidata.org/wiki/Q30715306;wikidata.org/wiki/Q7239192;wikidata.org/wiki/Q25100692;wikidata.org/wiki/Q7254426;wikidata.org/wiki/Q5610721;wikidata.org/wiki/Q4650007;wikidata.org/wiki/Q181296;wikidata.org/wiki/Q1956793
main result,15,wikidata.org/wiki/Q1350408;wikidata.org/wiki/Q59274576;wikidata.org/wiki/Q104529387;wikidata.org/wiki/Q82295994;wikidata.org/wiki/Q504553;wikidata.org/wiki/Q21101125;wikidata.org/wiki/Q54943715;wikidata.org/wiki/Q2736;wikidata.org/wiki/Q15311574;wikidata.org/wiki/Q14901481
Rinehart structure,2,wikidata.org/wiki/Q71619169;wikidata.org/wiki/Q35399169;wikidata.org/wiki/Q70400483;wikidata.org/wiki/Q67327831;wikidata.org/wiki/Q71602611;wikidata.org/wiki/Q70525957;wikidata.org/wiki/Q67586873;wikidata.org/wiki/Q68730667;wikidata.org/wiki/Q78319670;wikidata.org/wiki/Q78319687
cubical set,7,wikidata.org/wiki/Q59609383;wikidata.org/wiki/Q54335115;wikidata.org/wiki/Q114017561;wikidata.org/wiki/Q29565668;wikidata.org/wiki/Q25098845;wikidata.org/wiki/Q59609383;wikidata.org/wiki/Q54335115;wikidata.org/wiki/Q114017561;wikidata.org/wiki/Q29565668;wikidata.org/wiki/Q25098845
enriched category theory,7,wikidata.org/wiki/Q16978887;wikidata.org/wiki/Q113317553;wikidata.org/wiki/Q113317886
enriched category,8,wikidata.org/wiki/Q5379515;wikidata.org/wiki/Q7520909;wikidata.org/wiki/Q16978887;wikidata.org/wiki/Q58331945;wikidata.org/wiki/Q424178;wikidata.org/wiki/Q1401891;wikidata.org/wiki/Q3874301;wikidata.org/wiki/Q7852161;wikidata.org/wiki/Q5095737;wikidata.org/wiki/Q113317553
category theory,26,wikidata.org/wiki/Q217413;wikidata.org/wiki/Q105699359;wikidata.org/wiki/Q85850206;wikidata.org/wiki/Q5758318;wikidata.org/wiki/Q1850712;wikidata.org/wiki/Q7112576;wikidata.org/wiki/Q1322614;wikidata.org/wiki/Q48839330;wikidata.org/wiki/Q919107;wikidata.org/wiki/Q2291918
convenient way,1,wikidata.org/wiki/Q80301673;wikidata.org/wiki/Q56168887;wikidata.org/wiki/Q77816310;wikidata.org/wiki/Q73731051;wikidata.org/wiki/Q64016159;wikidata.org/wiki/Q73807553;wikidata.org/wiki/Q71539645;wikidata.org/wiki/Q63432413;wikidata.org/wiki/Q80125754;wikidata.org/wiki/Q63460787
many infinity,1,wikidata.org/wiki/Q28379756;wikidata.org/wiki/Q5276094;wikidata.org/wiki/Q58917764;wikidata.org/wiki/Q73783585;wikidata.org/wiki/Q114072983;wikidata.org/wiki/Q114061292;wikidata.org/wiki/Q114196508;wikidata.org/wiki/Q114055996
homological algebra,6,wikidata.org/wiki/Q579978;wikidata.org/wiki/Q59547267;wikidata.org/wiki/Q91777214;wikidata.org/wiki/Q6754178;wikidata.org/wiki/Q55934551;wikidata.org/wiki/Q18198935;wikidata.org/wiki/Q56656599;wikidata.org/wiki/Q5262625;wikidata.org/wiki/Q56268148;wikidata.org/wiki/Q55952658
internal preorder,1,
exact category,8,wikidata.org/wiki/Q5419218;wikidata.org/wiki/Q652369;wikidata.org/wiki/Q262372;wikidata.org/wiki/Q4650007;wikidata.org/wiki/Q1326955;wikidata.org/wiki/Q52375177;wikidata.org/wiki/Q2063566;wikidata.org/wiki/Q20055490;wikidata.org/wiki/Q83968262;wikidata.org/wiki/Q49008
pretorsion theory,1,
full subcategorie,9,wikidata.org/wiki/Q58697027;wikidata.org/wiki/Q103927515;wikidata.org/wiki/Q6101219
internal equivalence relation,3,
internal equivalence,5,wikidata.org/wiki/Q66990832;wikidata.org/wiki/Q91827190;wikidata.org/wiki/Q34922883;wikidata.org/wiki/Q110502417;wikidata.org/wiki/Q110502414;wikidata.org/wiki/Q35575088;wikidata.org/wiki/Q50092717;wikidata.org/wiki/Q42217977;wikidata.org/wiki/Q84854751;wikidata.org/wiki/Q81333648
equivalence relation,15,wikidata.org/wiki/Q3077964;wikidata.org/wiki/Q113993285;wikidata.org/wiki/Q114716538;wikidata.org/wiki/Q37357030;wikidata.org/wiki/Q106282669;wikidata.org/wiki/Q105549947;wikidata.org/wiki/Q59812866;wikidata.org/wiki/Q56209854;wikidata.org/wiki/Q56815643;wikidata.org/wiki/Q106767676
internal partial order,1,
partial order,3,wikidata.org/wiki/Q58457743;wikidata.org/wiki/Q56613738;wikidata.org/wiki/Q5454716;wikidata.org/wiki/Q7243229;wikidata.org/wiki/Q7100431;wikidata.org/wiki/Q76472517;wikidata.org/wiki/Q56227815;wikidata.org/wiki/Q57608881;wikidata.org/wiki/Q62043287;wikidata.org/wiki/Q58245854
reflective subcategory,7,wikidata.org/wiki/Q6101219;wikidata.org/wiki/Q25303775;wikidata.org/wiki/Q62038273;wikidata.org/wiki/Q58697027
stable regular epimorphism,1,
regular epimorphism,6,wikidata.org/wiki/Q72421964
reflector f,1,wikidata.org/wiki/Q15841934;wikidata.org/wiki/Q3931621;wikidata.org/wiki/Q7307334;wikidata.org/wiki/Q53761314;wikidata.org/wiki/Q56279559;wikidata.org/wiki/Q47471716;wikidata.org/wiki/Q7884069;wikidata.org/wiki/Q97611828;wikidata.org/wiki/Q56953123;wikidata.org/wiki/Q72624449
stable unit,3,wikidata.org/wiki/Q36255115;wikidata.org/wiki/Q34448599;wikidata.org/wiki/Q113575533;wikidata.org/wiki/Q85753965;wikidata.org/wiki/Q116453023;wikidata.org/wiki/Q60186565;wikidata.org/wiki/Q7946;wikidata.org/wiki/Q51269890;wikidata.org/wiki/Q51501398;wikidata.org/wiki/Q30353627
categorical galois structure,1,
galois structure,1,wikidata.org/wiki/Q766522;wikidata.org/wiki/Q3527167;wikidata.org/wiki/Q57937576;wikidata.org/wiki/Q57937641;wikidata.org/wiki/Q57918175;wikidata.org/wiki/Q57920062;wikidata.org/wiki/Q7425867;wikidata.org/wiki/Q66716745;wikidata.org/wiki/Q57937564;wikidata.org/wiki/Q57936321
category set,2,wikidata.org/wiki/Q13253780;wikidata.org/wiki/Q4167836;wikidata.org/wiki/Q36161;wikidata.org/wiki/Q106612246;wikidata.org/wiki/Q188451;wikidata.org/wiki/Q226183;wikidata.org/wiki/Q185478;wikidata.org/wiki/Q2518298;wikidata.org/wiki/Q189376;wikidata.org/wiki/Q381060
light factorization system,2,wikidata.org/wiki/Q114045065;wikidata.org/wiki/Q114088029;wikidata.org/wiki/Q114107067
light factorization,8,wikidata.org/wiki/Q76473757;wikidata.org/wiki/Q30558269;wikidata.org/wiki/Q100507054;wikidata.org/wiki/Q114238472;wikidata.org/wiki/Q114045065;wikidata.org/wiki/Q114045067;wikidata.org/wiki/Q114088029;wikidata.org/wiki/Q114045062;wikidata.org/wiki/Q114107067;wikidata.org/wiki/Q51630586
factorization system,19,wikidata.org/wiki/Q5428747;wikidata.org/wiki/Q55009312;wikidata.org/wiki/Q97614312;wikidata.org/wiki/Q97615607;wikidata.org/wiki/Q74585142;wikidata.org/wiki/Q87261368;wikidata.org/wiki/Q102634317;wikidata.org/wiki/Q44541242;wikidata.org/wiki/Q59046210;wikidata.org/wiki/Q58225545
topological interpretation,1,wikidata.org/wiki/Q73026208;wikidata.org/wiki/Q74509707;wikidata.org/wiki/Q74427580;wikidata.org/wiki/Q24816759;wikidata.org/wiki/Q115394305;wikidata.org/wiki/Q74544250;wikidata.org/wiki/Q74441550;wikidata.org/wiki/Q106825076;wikidata.org/wiki/Q43643127;wikidata.org/wiki/Q74032191
discrete space,3,wikidata.org/wiki/Q175116;wikidata.org/wiki/Q57608914;wikidata.org/wiki/Q60110247;wikidata.org/wiki/Q104091090;wikidata.org/wiki/Q27440778;wikidata.org/wiki/Q46550013;wikidata.org/wiki/Q39874490;wikidata.org/wiki/Q42117263;wikidata.org/wiki/Q110874862;wikidata.org/wiki/Q6481089
latter category,1,wikidata.org/wiki/Q36938184;wikidata.org/wiki/Q111601937;wikidata.org/wiki/Q19379043;wikidata.org/wiki/Q111165185;wikidata.org/wiki/Q112136659;wikidata.org/wiki/Q6853803;wikidata.org/wiki/Q69769249;wikidata.org/wiki/Q7295800;wikidata.org/wiki/Q17004957;wikidata.org/wiki/Q8466435
virtual double category,6,wikidata.org/wiki/Q19758875;wikidata.org/wiki/Q7669008
horizontal multi -,1,wikidata.org/wiki/Q58460601;wikidata.org/wiki/Q87874064;wikidata.org/wiki/Q72954190;wikidata.org/wiki/Q98738322;wikidata.org/wiki/Q98673673;wikidata.org/wiki/Q47643832;wikidata.org/wiki/Q34587066;wikidata.org/wiki/Q26359977;wikidata.org/wiki/Q84859755;wikidata.org/wiki/Q112949952
horizontal multi,1,wikidata.org/wiki/Q58460601;wikidata.org/wiki/Q87874064;wikidata.org/wiki/Q72954190;wikidata.org/wiki/Q98738322;wikidata.org/wiki/Q98673673;wikidata.org/wiki/Q47643832;wikidata.org/wiki/Q34587066;wikidata.org/wiki/Q26359977;wikidata.org/wiki/Q84859755;wikidata.org/wiki/Q112949952
multi - source,1,wikidata.org/wiki/Q6934498;wikidata.org/wiki/Q16954049;wikidata.org/wiki/Q16911580;wikidata.org/wiki/Q57622163;wikidata.org/wiki/Q21264328;wikidata.org/wiki/Q65475249;wikidata.org/wiki/Q67895297;wikidata.org/wiki/Q115523905;wikidata.org/wiki/Q64216753;wikidata.org/wiki/Q76471843
multi -,2,wikidata.org/wiki/Q529909;wikidata.org/wiki/Q1683337;wikidata.org/wiki/Q1327329;wikidata.org/wiki/Q167170;wikidata.org/wiki/Q5460332;wikidata.org/wiki/Q751424;wikidata.org/wiki/Q159821;wikidata.org/wiki/Q51031626;wikidata.org/wiki/Q390557;wikidata.org/wiki/Q223189
single horizontal target,1,
horizontal target,2,wikidata.org/wiki/Q50162364;wikidata.org/wiki/Q7333274;wikidata.org/wiki/Q112680710;wikidata.org/wiki/Q103044643;wikidata.org/wiki/Q72098259;wikidata.org/wiki/Q72244750;wikidata.org/wiki/Q46043108;wikidata.org/wiki/Q29615786;wikidata.org/wiki/Q27302904;wikidata.org/wiki/Q60511223
latter notion,1,
empty horizontal target,1,
small object,1,wikidata.org/wiki/Q111907565;wikidata.org/wiki/Q114212875;wikidata.org/wiki/Q61672479;wikidata.org/wiki/Q50048;wikidata.org/wiki/Q70950739;wikidata.org/wiki/Q64628310;wikidata.org/wiki/Q112954434;wikidata.org/wiki/Q72932246;wikidata.org/wiki/Q3559;wikidata.org/wiki/Q70060778
virtual double category,4,wikidata.org/wiki/Q19758875;wikidata.org/wiki/Q7669008
formal category,1,wikidata.org/wiki/Q7469326;wikidata.org/wiki/Q52181086;wikidata.org/wiki/Q1361864;wikidata.org/wiki/Q14592615;wikidata.org/wiki/Q6235443;wikidata.org/wiki/Q8253620;wikidata.org/wiki/Q15605306;wikidata.org/wiki/Q465800;wikidata.org/wiki/Q5469972;wikidata.org/wiki/Q8840630
admissible object,1,wikidata.org/wiki/Q114085364
yoneda structure,1,wikidata.org/wiki/Q56687240;wikidata.org/wiki/Q70062421;wikidata.org/wiki/Q77127213;wikidata.org/wiki/Q93201499;wikidata.org/wiki/Q27642289;wikidata.org/wiki/Q27658453;wikidata.org/wiki/Q57555152;wikidata.org/wiki/Q69989101;wikidata.org/wiki/Q30350828;wikidata.org/wiki/Q68984477
horizontal unit,1,wikidata.org/wiki/Q1368097;wikidata.org/wiki/Q16245008;wikidata.org/wiki/Q5300041;wikidata.org/wiki/Q39628031;wikidata.org/wiki/Q81898111;wikidata.org/wiki/Q39382778;wikidata.org/wiki/Q45249884;wikidata.org/wiki/Q48444260;wikidata.org/wiki/Q59160342;wikidata.org/wiki/Q59140294
horizontal unit,2,wikidata.org/wiki/Q5300041;wikidata.org/wiki/Q1368097;wikidata.org/wiki/Q16245008;wikidata.org/wiki/Q37306349;wikidata.org/wiki/Q59478022;wikidata.org/wiki/Q79582397;wikidata.org/wiki/Q34693423;wikidata.org/wiki/Q67109267;wikidata.org/wiki/Q92805937;wikidata.org/wiki/Q87804438
basic theory,4,wikidata.org/wiki/Q26373482;wikidata.org/wiki/Q56091628;wikidata.org/wiki/Q59185456;wikidata.org/wiki/Q57259139;wikidata.org/wiki/Q74352293;wikidata.org/wiki/Q59049870;wikidata.org/wiki/Q95550482;wikidata.org/wiki/Q77736855;wikidata.org/wiki/Q115514419;wikidata.org/wiki/Q82503145
horizontal morphism,3,
classical composition,1,wikidata.org/wiki/Q106860002;wikidata.org/wiki/Q106815697;wikidata.org/wiki/Q106815699;wikidata.org/wiki/Q106859121;wikidata.org/wiki/Q6314061;wikidata.org/wiki/Q1619268;wikidata.org/wiki/Q6484497;wikidata.org/wiki/Q28771317;wikidata.org/wiki/Q5051330;wikidata.org/wiki/Q39415430
coend formula,1,
simplicial set,12,wikidata.org/wiki/Q1467124;wikidata.org/wiki/Q7246618;wikidata.org/wiki/Q56687304;wikidata.org/wiki/Q109012778;wikidata.org/wiki/Q994399;wikidata.org/wiki/Q25098928;wikidata.org/wiki/Q7520909;wikidata.org/wiki/Q113379941;wikidata.org/wiki/Q3915873;wikidata.org/wiki/Q10906333
gamma - set,1,wikidata.org/wiki/Q179651;wikidata.org/wiki/Q22295252;wikidata.org/wiki/Q3257809;wikidata.org/wiki/Q50252248;wikidata.org/wiki/Q50257516;wikidata.org/wiki/Q50256046;wikidata.org/wiki/Q50262575;wikidata.org/wiki/Q50258163;wikidata.org/wiki/Q50251911;wikidata.org/wiki/Q50265525
gamma -,1,wikidata.org/wiki/Q22247;wikidata.org/wiki/Q11523;wikidata.org/wiki/Q1493194;wikidata.org/wiki/Q71962386;wikidata.org/wiki/Q210021;wikidata.org/wiki/Q726648;wikidata.org/wiki/Q116907;wikidata.org/wiki/Q1436035;wikidata.org/wiki/Q14387;wikidata.org/wiki/Q154129
s - module,1,wikidata.org/wiki/Q110323996;wikidata.org/wiki/Q752841;wikidata.org/wiki/Q17128197;wikidata.org/wiki/Q21973572;wikidata.org/wiki/Q41694500;wikidata.org/wiki/Q83933557;wikidata.org/wiki/Q106895211;wikidata.org/wiki/Q11223;wikidata.org/wiki/Q61448864;wikidata.org/wiki/Q7270473
s -,3,wikidata.org/wiki/Q2766547;wikidata.org/wiki/Q11574;wikidata.org/wiki/Q667;wikidata.org/wiki/Q1339;wikidata.org/wiki/Q682;wikidata.org/wiki/Q98973368;wikidata.org/wiki/Q36380;wikidata.org/wiki/Q2739;wikidata.org/wiki/Q36600;wikidata.org/wiki/Q188121;wikidata.org/wiki/Q2766547;wikidata.org/wiki/Q11574;wikidata.org/wiki/Q667;wikidata.org/wiki/Q1339;wikidata.org/wiki/Q682;wikidata.org/wiki/Q36380;wikidata.org/wiki/Q98973368;wikidata.org/wiki/Q2739;wikidata.org/wiki/Q36600;wikidata.org/wiki/Q188121
new homology,2,wikidata.org/wiki/Q30427274;wikidata.org/wiki/Q64387251;wikidata.org/wiki/Q37661839;wikidata.org/wiki/Q56979294;wikidata.org/wiki/Q105584866;wikidata.org/wiki/Q75739631;wikidata.org/wiki/Q75743961;wikidata.org/wiki/Q67232458;wikidata.org/wiki/Q75741423;wikidata.org/wiki/Q29616170
s - module,2,wikidata.org/wiki/Q103206548;wikidata.org/wiki/Q114075301;wikidata.org/wiki/Q17105199;wikidata.org/wiki/Q11223;wikidata.org/wiki/Q17128197;wikidata.org/wiki/Q18611337;wikidata.org/wiki/Q21973572;wikidata.org/wiki/Q110323996;wikidata.org/wiki/Q41694500;wikidata.org/wiki/Q83933557
s -,2,wikidata.org/wiki/Q2766547;wikidata.org/wiki/Q11574;wikidata.org/wiki/Q667;wikidata.org/wiki/Q1339;wikidata.org/wiki/Q682;wikidata.org/wiki/Q98973368;wikidata.org/wiki/Q36380;wikidata.org/wiki/Q2739;wikidata.org/wiki/Q36600;wikidata.org/wiki/Q188121
archimedean place,1,wikidata.org/wiki/Q1897429
structure sheaf,1,wikidata.org/wiki/Q91435750;wikidata.org/wiki/Q5988009;wikidata.org/wiki/Q57733328;wikidata.org/wiki/Q906907;wikidata.org/wiki/Q59470783;wikidata.org/wiki/Q5135342;wikidata.org/wiki/Q3978062;wikidata.org/wiki/Q16959942;wikidata.org/wiki/Q26539004;wikidata.org/wiki/Q57006536
singular homology,1,wikidata.org/wiki/Q1095056;wikidata.org/wiki/Q6056721;wikidata.org/wiki/Q18198970;wikidata.org/wiki/Q56444554;wikidata.org/wiki/Q59664196;wikidata.org/wiki/Q56454815;wikidata.org/wiki/Q58129326;wikidata.org/wiki/Q96016150;wikidata.org/wiki/Q29031052;wikidata.org/wiki/Q96016147
real coefficient,1,wikidata.org/wiki/Q58154394;wikidata.org/wiki/Q59454147;wikidata.org/wiki/Q1179446;wikidata.org/wiki/Q66716813;wikidata.org/wiki/Q5156572;wikidata.org/wiki/Q5883744;wikidata.org/wiki/Q114593060;wikidata.org/wiki/Q115219582;wikidata.org/wiki/Q111898197;wikidata.org/wiki/Q72165978
topological space x,2,wikidata.org/wiki/Q1071795;wikidata.org/wiki/Q179899;wikidata.org/wiki/Q2033899;wikidata.org/wiki/Q5164407;wikidata.org/wiki/Q862761;wikidata.org/wiki/Q2126650;wikidata.org/wiki/Q2032198;wikidata.org/wiki/Q934367;wikidata.org/wiki/Q1148367;wikidata.org/wiki/Q1193403
topological space,12,wikidata.org/wiki/Q179899;wikidata.org/wiki/Q1738274;wikidata.org/wiki/Q1673182;wikidata.org/wiki/Q1139111;wikidata.org/wiki/Q6664613;wikidata.org/wiki/Q4053718;wikidata.org/wiki/Q20878963;wikidata.org/wiki/Q616653;wikidata.org/wiki/Q113461459;wikidata.org/wiki/Q15841121
space x,7,wikidata.org/wiki/Q1933134;wikidata.org/wiki/Q193701;wikidata.org/wiki/Q85018523;wikidata.org/wiki/Q864919;wikidata.org/wiki/Q306643;wikidata.org/wiki/Q5431728;wikidata.org/wiki/Q52152;wikidata.org/wiki/Q23548;wikidata.org/wiki/Q25271;wikidata.org/wiki/Q229058
Gromov norm,1,wikidata.org/wiki/Q4419838
compact Riemann surface,1,wikidata.org/wiki/Q5155294;wikidata.org/wiki/Q55954383;wikidata.org/wiki/Q55934153;wikidata.org/wiki/Q56267023;wikidata.org/wiki/Q7825663;wikidata.org/wiki/Q5948842;wikidata.org/wiki/Q57621881;wikidata.org/wiki/Q444931;wikidata.org/wiki/Q977499;wikidata.org/wiki/Q30052124
Riemann surface,1,wikidata.org/wiki/Q753035;wikidata.org/wiki/Q25305567;wikidata.org/wiki/Q5155294;wikidata.org/wiki/Q59575744;wikidata.org/wiki/Q3505269;wikidata.org/wiki/Q28401481;wikidata.org/wiki/Q5506950;wikidata.org/wiki/Q34671535;wikidata.org/wiki/Q7271996;wikidata.org/wiki/Q114680168
equivalent necessary condition,1,wikidata.org/wiki/Q48971805
necessary condition,3,wikidata.org/wiki/Q100172134;wikidata.org/wiki/Q79330907;wikidata.org/wiki/Q56698274;wikidata.org/wiki/Q74406555;wikidata.org/wiki/Q108046048;wikidata.org/wiki/Q100320637;wikidata.org/wiki/Q60520840;wikidata.org/wiki/Q56701610;wikidata.org/wiki/Q73507279;wikidata.org/wiki/Q58916349
small category,19,wikidata.org/wiki/Q19619110;wikidata.org/wiki/Q63565252;wikidata.org/wiki/Q2590065;wikidata.org/wiki/Q134955;wikidata.org/wiki/Q3658562;wikidata.org/wiki/Q738170;wikidata.org/wiki/Q645694;wikidata.org/wiki/Q48970634;wikidata.org/wiki/Q282129;wikidata.org/wiki/Q6839919
homological dimension,2,wikidata.org/wiki/Q56001464;wikidata.org/wiki/Q56390915;wikidata.org/wiki/Q37687905;wikidata.org/wiki/Q60306560;wikidata.org/wiki/Q58017585;wikidata.org/wiki/Q105519193;wikidata.org/wiki/Q5891412;wikidata.org/wiki/Q115229451;wikidata.org/wiki/Q5570832;wikidata.org/wiki/Q61920164
small cancellative category,1,
cancellative category,1,wikidata.org/wiki/Q537151;wikidata.org/wiki/Q4379519;wikidata.org/wiki/Q7687186;wikidata.org/wiki/Q7284940;wikidata.org/wiki/Q71720358;wikidata.org/wiki/Q51124763;wikidata.org/wiki/Q7246186;wikidata.org/wiki/Q104699997;wikidata.org/wiki/Q104699999;wikidata.org/wiki/Q8852463
sufficient condition,15,wikidata.org/wiki/Q56456971;wikidata.org/wiki/Q48971805;wikidata.org/wiki/Q28458355;wikidata.org/wiki/Q77667850;wikidata.org/wiki/Q42417350;wikidata.org/wiki/Q5508973;wikidata.org/wiki/Q58296907;wikidata.org/wiki/Q59218511;wikidata.org/wiki/Q58119902;wikidata.org/wiki/Q59015847
binary product,3,wikidata.org/wiki/Q1238125;wikidata.org/wiki/Q569347;wikidata.org/wiki/Q767667;wikidata.org/wiki/Q2295009;wikidata.org/wiki/Q8071744;wikidata.org/wiki/Q68957426;wikidata.org/wiki/Q7624582;wikidata.org/wiki/Q210857;wikidata.org/wiki/Q65090820;wikidata.org/wiki/Q114814271
partial morphism category,1,
partial morphism,1,wikidata.org/wiki/Q107713392;wikidata.org/wiki/Q113315215
morphism category,1,wikidata.org/wiki/Q1948412;wikidata.org/wiki/Q2905069;wikidata.org/wiki/Q30715304;wikidata.org/wiki/Q17103180;wikidata.org/wiki/Q7623974;wikidata.org/wiki/Q25304059;wikidata.org/wiki/Q1442189;wikidata.org/wiki/Q91431286;wikidata.org/wiki/Q1196038;wikidata.org/wiki/Q60727552
productive terminal,1,wikidata.org/wiki/Q33668322;wikidata.org/wiki/Q34401407;wikidata.org/wiki/Q27937010;wikidata.org/wiki/Q35645522;wikidata.org/wiki/Q72724071;wikidata.org/wiki/Q36012501;wikidata.org/wiki/Q24538617;wikidata.org/wiki/Q51594197;wikidata.org/wiki/Q57721505;wikidata.org/wiki/Q44905496
such category,12,wikidata.org/wiki/Q217413;wikidata.org/wiki/Q4048908;wikidata.org/wiki/Q8732942;wikidata.org/wiki/Q6964088;wikidata.org/wiki/Q87711223;wikidata.org/wiki/Q24571879;wikidata.org/wiki/Q55322495;wikidata.org/wiki/Q4048796;wikidata.org/wiki/Q572316;wikidata.org/wiki/Q3760;wikidata.org/wiki/Q217413;wikidata.org/wiki/Q4048908;wikidata.org/wiki/Q8732942;wikidata.org/wiki/Q6964088;wikidata.org/wiki/Q87711223;wikidata.org/wiki/Q24571879;wikidata.org/wiki/Q55322495;wikidata.org/wiki/Q4048796;wikidata.org/wiki/Q572316;wikidata.org/wiki/Q3760
valuable tool,1,wikidata.org/wiki/Q72545062;wikidata.org/wiki/Q69990184;wikidata.org/wiki/Q73830252;wikidata.org/wiki/Q38161978;wikidata.org/wiki/Q74356563;wikidata.org/wiki/Q68788875;wikidata.org/wiki/Q97544310;wikidata.org/wiki/Q38122313;wikidata.org/wiki/Q85574118;wikidata.org/wiki/Q67272460
real world datum,1,wikidata.org/wiki/Q55631277;wikidata.org/wiki/Q105493193;wikidata.org/wiki/Q87933034;wikidata.org/wiki/Q31130672;wikidata.org/wiki/Q66404606;wikidata.org/wiki/Q89772120;wikidata.org/wiki/Q106967346;wikidata.org/wiki/Q79109617;wikidata.org/wiki/Q89153787;wikidata.org/wiki/Q107214339
real world,1,wikidata.org/wiki/Q743738;wikidata.org/wiki/Q93775249;wikidata.org/wiki/Q325866;wikidata.org/wiki/Q7301115;wikidata.org/wiki/Q7301113;wikidata.org/wiki/Q7301112;wikidata.org/wiki/Q10852319;wikidata.org/wiki/Q3931054;wikidata.org/wiki/Q15096862;wikidata.org/wiki/Q27726504
world datum,1,wikidata.org/wiki/Q1074021;wikidata.org/wiki/Q17102557;wikidata.org/wiki/Q4119633;wikidata.org/wiki/Q64062569;wikidata.org/wiki/Q55631277;wikidata.org/wiki/Q96334993;wikidata.org/wiki/Q51453549;wikidata.org/wiki/Q105493193;wikidata.org/wiki/Q87933034;wikidata.org/wiki/Q66404606
several approach,1,wikidata.org/wiki/Q58529296;wikidata.org/wiki/Q77675959;wikidata.org/wiki/Q56636560;wikidata.org/wiki/Q72648615;wikidata.org/wiki/Q58188307;wikidata.org/wiki/Q57709886;wikidata.org/wiki/Q68896090;wikidata.org/wiki/Q35262878;wikidata.org/wiki/Q58466637;wikidata.org/wiki/Q37051700
vector space,10,wikidata.org/wiki/Q125977;wikidata.org/wiki/Q2004761;wikidata.org/wiki/Q5156614;wikidata.org/wiki/Q91672132;wikidata.org/wiki/Q7642975;wikidata.org/wiki/Q46996054;wikidata.org/wiki/Q96372310;wikidata.org/wiki/Q1455249;wikidata.org/wiki/Q1572357;wikidata.org/wiki/Q766774
homology functor,1,wikidata.org/wiki/Q115345447;wikidata.org/wiki/Q114077695;wikidata.org/wiki/Q56003591;wikidata.org/wiki/Q101119493;wikidata.org/wiki/Q114037416
arbitrary set,1,wikidata.org/wiki/Q107371041;wikidata.org/wiki/Q78068637;wikidata.org/wiki/Q56138886;wikidata.org/wiki/Q59450194;wikidata.org/wiki/Q51104545;wikidata.org/wiki/Q1916202;wikidata.org/wiki/Q20767226;wikidata.org/wiki/Q47470461;wikidata.org/wiki/Q59486365;wikidata.org/wiki/Q61609666
combinatorial persistence,1,wikidata.org/wiki/Q28077662;wikidata.org/wiki/Q36546319
common categorical framework,1,
categorical framework,3,wikidata.org/wiki/Q104917601;wikidata.org/wiki/Q21135239;wikidata.org/wiki/Q112876891;wikidata.org/wiki/Q104003429;wikidata.org/wiki/Q113317848;wikidata.org/wiki/Q114692253;wikidata.org/wiki/Q34627027;wikidata.org/wiki/Q114683090;wikidata.org/wiki/Q114682905;wikidata.org/wiki/Q114692223
generalized rank function,1,wikidata.org/wiki/Q66717398;wikidata.org/wiki/Q52589379;wikidata.org/wiki/Q66716892
generalized rank,1,wikidata.org/wiki/Q68162302;wikidata.org/wiki/Q60307030;wikidata.org/wiki/Q60547205;wikidata.org/wiki/Q57735034;wikidata.org/wiki/Q91936373;wikidata.org/wiki/Q31038646;wikidata.org/wiki/Q30560714;wikidata.org/wiki/Q94957392;wikidata.org/wiki/Q50349482;wikidata.org/wiki/Q46972000
rank function,1,wikidata.org/wiki/Q5591878;wikidata.org/wiki/Q60173606;wikidata.org/wiki/Q36119802;wikidata.org/wiki/Q57562651;wikidata.org/wiki/Q28305415;wikidata.org/wiki/Q28598431;wikidata.org/wiki/Q33345030;wikidata.org/wiki/Q105434600;wikidata.org/wiki/Q86440935;wikidata.org/wiki/Q47211469
target category,2,wikidata.org/wiki/Q15284945;wikidata.org/wiki/Q1138868;wikidata.org/wiki/Q814689;wikidata.org/wiki/Q64006792;wikidata.org/wiki/Q60345185;wikidata.org/wiki/Q282675;wikidata.org/wiki/Q1047579;wikidata.org/wiki/Q178837;wikidata.org/wiki/Q7145132;wikidata.org/wiki/Q92785431
persistence function,1,wikidata.org/wiki/Q59442819;wikidata.org/wiki/Q24646943;wikidata.org/wiki/Q104135086;wikidata.org/wiki/Q30801688;wikidata.org/wiki/Q74063773;wikidata.org/wiki/Q42585788;wikidata.org/wiki/Q34466396;wikidata.org/wiki/Q39692928;wikidata.org/wiki/Q52047621;wikidata.org/wiki/Q48604332
bottleneck distance,1,wikidata.org/wiki/Q52844426;wikidata.org/wiki/Q114195523;wikidata.org/wiki/Q88196316;wikidata.org/wiki/Q80516102;wikidata.org/wiki/Q36062022;wikidata.org/wiki/Q109771954;wikidata.org/wiki/Q37022683
novel framework,1,wikidata.org/wiki/Q63402618;wikidata.org/wiki/Q21145861;wikidata.org/wiki/Q112953374;wikidata.org/wiki/Q107510317;wikidata.org/wiki/Q82675634;wikidata.org/wiki/Q111436615;wikidata.org/wiki/Q58763624;wikidata.org/wiki/Q112284249;wikidata.org/wiki/Q79363133;wikidata.org/wiki/Q62727428
classical equality,1,wikidata.org/wiki/Q59719040;wikidata.org/wiki/Q51469888;wikidata.org/wiki/Q51537461
vector space,22,wikidata.org/wiki/Q77873528;wikidata.org/wiki/Q7546421;wikidata.org/wiki/Q3061902;wikidata.org/wiki/Q3527205;wikidata.org/wiki/Q6867878;wikidata.org/wiki/Q114559255;wikidata.org/wiki/Q25303670;wikidata.org/wiki/Q8702350;wikidata.org/wiki/Q114559305;wikidata.org/wiki/Q5051854
many category,1,wikidata.org/wiki/Q8855670;wikidata.org/wiki/Q35527893;wikidata.org/wiki/Q38444217;wikidata.org/wiki/Q35686893;wikidata.org/wiki/Q84755344;wikidata.org/wiki/Q39898425;wikidata.org/wiki/Q95784781;wikidata.org/wiki/Q42877779;wikidata.org/wiki/Q46140983;wikidata.org/wiki/Q21827
persistence module,3,wikidata.org/wiki/Q59442799;wikidata.org/wiki/Q59442795;wikidata.org/wiki/Q59442794;wikidata.org/wiki/Q89943002;wikidata.org/wiki/Q59891226;wikidata.org/wiki/Q59442771;wikidata.org/wiki/Q59442792;wikidata.org/wiki/Q59942728;wikidata.org/wiki/Q114195533;wikidata.org/wiki/Q115246500
colorable rank,1,
persistence diagram,1,wikidata.org/wiki/Q59483085;wikidata.org/wiki/Q104091873;wikidata.org/wiki/Q59483047;wikidata.org/wiki/Q59442772;wikidata.org/wiki/Q56906104;wikidata.org/wiki/Q59442801;wikidata.org/wiki/Q92560097;wikidata.org/wiki/Q56905958;wikidata.org/wiki/Q33495288;wikidata.org/wiki/Q108127154
multicolored bottleneck distance,1,
multicolored bottleneck,1,
bottleneck distance,1,wikidata.org/wiki/Q88196316;wikidata.org/wiki/Q80516102;wikidata.org/wiki/Q36062022;wikidata.org/wiki/Q109771954;wikidata.org/wiki/Q37022683;wikidata.org/wiki/Q52844426;wikidata.org/wiki/Q114195523
semisimple abelian category,1,
abelian category,17,wikidata.org/wiki/Q114682377;wikidata.org/wiki/Q105624230;wikidata.org/wiki/Q56384761;wikidata.org/wiki/Q56990972;wikidata.org/wiki/Q56990978;wikidata.org/wiki/Q56990991;wikidata.org/wiki/Q2844249;wikidata.org/wiki/Q56990968;wikidata.org/wiki/Q4677987;wikidata.org/wiki/Q105316215;wikidata.org/wiki/Q114682377;wikidata.org/wiki/Q105624230;wikidata.org/wiki/Q56990978;wikidata.org/wiki/Q56384761;wikidata.org/wiki/Q56990972;wikidata.org/wiki/Q56990991;wikidata.org/wiki/Q2844249;wikidata.org/wiki/Q56990968;wikidata.org/wiki/Q4677987;wikidata.org/wiki/Q105316215
multicolored persistent homology,1,
persistent homology,1,wikidata.org/wiki/Q17099562;wikidata.org/wiki/Q59442769;wikidata.org/wiki/Q63664556;wikidata.org/wiki/Q58472547;wikidata.org/wiki/Q59030292;wikidata.org/wiki/Q59442793;wikidata.org/wiki/Q37261969;wikidata.org/wiki/Q103044999;wikidata.org/wiki/Q93851680;wikidata.org/wiki/Q63353844
topological space,34,wikidata.org/wiki/Q3360627;wikidata.org/wiki/Q110874862;wikidata.org/wiki/Q7825022;wikidata.org/wiki/Q2000555;wikidata.org/wiki/Q13401517;wikidata.org/wiki/Q6664613;wikidata.org/wiki/Q48973609;wikidata.org/wiki/Q57587765;wikidata.org/wiki/Q5472501;wikidata.org/wiki/Q16911578
group action,5,wikidata.org/wiki/Q3533467;wikidata.org/wiki/Q288465;wikidata.org/wiki/Q17098482;wikidata.org/wiki/Q123708;wikidata.org/wiki/Q97396140;wikidata.org/wiki/Q4033353;wikidata.org/wiki/Q5535486;wikidata.org/wiki/Q5139805;wikidata.org/wiki/Q16951242;wikidata.org/wiki/Q16058051
point cloud datum,1,wikidata.org/wiki/Q105864751;wikidata.org/wiki/Q59893641;wikidata.org/wiki/Q59442800;wikidata.org/wiki/Q74827517;wikidata.org/wiki/Q74827369;wikidata.org/wiki/Q99303307;wikidata.org/wiki/Q57685384;wikidata.org/wiki/Q57685435;wikidata.org/wiki/Q57858918;wikidata.org/wiki/Q57685453
point cloud,1,wikidata.org/wiki/Q1899648;wikidata.org/wiki/Q4817319;wikidata.org/wiki/Q104828509;wikidata.org/wiki/Q31698078;wikidata.org/wiki/Q34782711;wikidata.org/wiki/Q110086842;wikidata.org/wiki/Q110971942;wikidata.org/wiki/Q105864751;wikidata.org/wiki/Q2816469;wikidata.org/wiki/Q76470834
cloud datum,1,wikidata.org/wiki/Q60022217;wikidata.org/wiki/Q5135661;wikidata.org/wiki/Q60167770;wikidata.org/wiki/Q30592605;wikidata.org/wiki/Q60149187;wikidata.org/wiki/Q18350420;wikidata.org/wiki/Q55632076;wikidata.org/wiki/Q105864751;wikidata.org/wiki/Q47472030;wikidata.org/wiki/Q515701
reflective subfibration l,2,
reflective subfibration,2,
subfibration l,2,
local map,1,wikidata.org/wiki/Q863756;wikidata.org/wiki/Q58570052;wikidata.org/wiki/Q57732195;wikidata.org/wiki/Q59609740;wikidata.org/wiki/Q57732167;wikidata.org/wiki/Q62517013;wikidata.org/wiki/Q34258186;wikidata.org/wiki/Q36611371;wikidata.org/wiki/Q42015162;wikidata.org/wiki/Q41155532
homotopy invariance,1,wikidata.org/wiki/Q33634014;wikidata.org/wiki/Q115194520;wikidata.org/wiki/Q115388731;wikidata.org/wiki/Q113691979
equivariant principal bundle,1,
principal bundle,2,wikidata.org/wiki/Q17099025;wikidata.org/wiki/Q1062978;wikidata.org/wiki/Q113822457;wikidata.org/wiki/Q116132997;wikidata.org/wiki/Q102988137;wikidata.org/wiki/Q2920850;wikidata.org/wiki/Q17104225;wikidata.org/wiki/Q1365548;wikidata.org/wiki/Q5128445;wikidata.org/wiki/Q115354444
equivariant a,1,wikidata.org/wiki/Q17012383;wikidata.org/wiki/Q16909066;wikidata.org/wiki/Q16908668;wikidata.org/wiki/Q15734022;wikidata.org/wiki/Q5384738;wikidata.org/wiki/Q59577024;wikidata.org/wiki/Q5384737;wikidata.org/wiki/Q17010845;wikidata.org/wiki/Q16874412;wikidata.org/wiki/Q19597765
Schnirelmann category,1,wikidata.org/wiki/Q2361277;wikidata.org/wiki/Q4395661;wikidata.org/wiki/Q108267725;wikidata.org/wiki/Q59649923;wikidata.org/wiki/Q59649922;wikidata.org/wiki/Q108294209;wikidata.org/wiki/Q4525837;wikidata.org/wiki/Q115340868;wikidata.org/wiki/Q115393867;wikidata.org/wiki/Q47515065
invariant topological complexity,1,
topological complexity,2,wikidata.org/wiki/Q7825025;wikidata.org/wiki/Q71082939;wikidata.org/wiki/Q83925360;wikidata.org/wiki/Q92232057;wikidata.org/wiki/Q60302997;wikidata.org/wiki/Q91545040;wikidata.org/wiki/Q59796198;wikidata.org/wiki/Q4419838;wikidata.org/wiki/Q115546073;wikidata.org/wiki/Q35674031
boolean category,4,wikidata.org/wiki/Q48230149;wikidata.org/wiki/Q52143334;wikidata.org/wiki/Q5499761;wikidata.org/wiki/Q1994977;wikidata.org/wiki/Q6802072;wikidata.org/wiki/Q173494;wikidata.org/wiki/Q7139261;wikidata.org/wiki/Q817862;wikidata.org/wiki/Q377276;wikidata.org/wiki/Q461528
boolean algebra,4,wikidata.org/wiki/Q173183;wikidata.org/wiki/Q4973304;wikidata.org/wiki/Q7858706;wikidata.org/wiki/Q18386550;wikidata.org/wiki/Q5156447;wikidata.org/wiki/Q25193664;wikidata.org/wiki/Q5499761;wikidata.org/wiki/Q6897884;wikidata.org/wiki/Q7315522;wikidata.org/wiki/Q11059585;wikidata.org/wiki/Q173183;wikidata.org/wiki/Q4973304;wikidata.org/wiki/Q7858706;wikidata.org/wiki/Q18386550;wikidata.org/wiki/Q5156447;wikidata.org/wiki/Q25193664;wikidata.org/wiki/Q5499761;wikidata.org/wiki/Q6897884;wikidata.org/wiki/Q7315522;wikidata.org/wiki/Q11059585
abstract algebraic structure,1,wikidata.org/wiki/Q159943;wikidata.org/wiki/Q5262620;wikidata.org/wiki/Q1455652;wikidata.org/wiki/Q161172;wikidata.org/wiki/Q2315394;wikidata.org/wiki/Q13220368;wikidata.org/wiki/Q2746792;wikidata.org/wiki/Q4669958;wikidata.org/wiki/Q125977;wikidata.org/wiki/Q7888360
algebraic structure,8,wikidata.org/wiki/Q205464;wikidata.org/wiki/Q98077919;wikidata.org/wiki/Q5166737;wikidata.org/wiki/Q6853740;wikidata.org/wiki/Q7687981;wikidata.org/wiki/Q5262620;wikidata.org/wiki/Q5642657;wikidata.org/wiki/Q1729838;wikidata.org/wiki/Q7534803;wikidata.org/wiki/Q97152390
same sense,1,wikidata.org/wiki/Q46869746;wikidata.org/wiki/Q1362279;wikidata.org/wiki/Q50430208;wikidata.org/wiki/Q622825;wikidata.org/wiki/Q37685397;wikidata.org/wiki/Q192808;wikidata.org/wiki/Q5051871;wikidata.org/wiki/Q114110197;wikidata.org/wiki/Q34351882;wikidata.org/wiki/Q30545792
cartesian closed category,7,wikidata.org/wiki/Q1725874;wikidata.org/wiki/Q30590669;wikidata.org/wiki/Q62038109;wikidata.org/wiki/Q113317912;wikidata.org/wiki/Q113317442;wikidata.org/wiki/Q56172124;wikidata.org/wiki/Q56228325;wikidata.org/wiki/Q113318090;wikidata.org/wiki/Q62125660;wikidata.org/wiki/Q58917779;wikidata.org/wiki/Q1725874;wikidata.org/wiki/Q30590669;wikidata.org/wiki/Q62038109;wikidata.org/wiki/Q113317912;wikidata.org/wiki/Q113317442;wikidata.org/wiki/Q56172124;wikidata.org/wiki/Q56228325;wikidata.org/wiki/Q113318090;wikidata.org/wiki/Q62125660;wikidata.org/wiki/Q58917779
closed category,24,wikidata.org/wiki/Q5135329;wikidata.org/wiki/Q1725874;wikidata.org/wiki/Q5155301;wikidata.org/wiki/Q5635168;wikidata.org/wiki/Q4544973;wikidata.org/wiki/Q25885956;wikidata.org/wiki/Q30590669;wikidata.org/wiki/Q7145062;wikidata.org/wiki/Q8085743;wikidata.org/wiki/Q5135347
intuitionistic logic,2,wikidata.org/wiki/Q176786;wikidata.org/wiki/Q5361594;wikidata.org/wiki/Q79454362;wikidata.org/wiki/Q28866774;wikidata.org/wiki/Q55891978;wikidata.org/wiki/Q58573218;wikidata.org/wiki/Q59902371;wikidata.org/wiki/Q3552056;wikidata.org/wiki/Q59646838;wikidata.org/wiki/Q113751504
linear logic,11,wikidata.org/wiki/Q841728;wikidata.org/wiki/Q28470256;wikidata.org/wiki/Q5270532;wikidata.org/wiki/Q59574421;wikidata.org/wiki/Q5141363;wikidata.org/wiki/Q56391423;wikidata.org/wiki/Q56443860;wikidata.org/wiki/Q59410904;wikidata.org/wiki/Q56994583;wikidata.org/wiki/Q56994486
recent work,4,wikidata.org/wiki/Q116161759;wikidata.org/wiki/Q26363749;wikidata.org/wiki/Q115040049;wikidata.org/wiki/Q51428310;wikidata.org/wiki/Q109658723;wikidata.org/wiki/Q114399411;wikidata.org/wiki/Q74317456;wikidata.org/wiki/Q79271621;wikidata.org/wiki/Q56152257;wikidata.org/wiki/Q79271654
canonical axiomatisation,1,
possible such axiomatisation,1,
such axiomatisation,1,wikidata.org/wiki/Q1187945;wikidata.org/wiki/Q59557045;wikidata.org/wiki/Q55921812;wikidata.org/wiki/Q64356750;wikidata.org/wiki/Q20873885;wikidata.org/wiki/Q191849;wikidata.org/wiki/Q20821272;wikidata.org/wiki/Q113858282;wikidata.org/wiki/Q112867564;wikidata.org/wiki/Q112952782
medial map,1,wikidata.org/wiki/Q37515125;wikidata.org/wiki/Q83836743;wikidata.org/wiki/Q57068049;wikidata.org/wiki/Q30410414;wikidata.org/wiki/Q91724158;wikidata.org/wiki/Q49136385;wikidata.org/wiki/Q96129517;wikidata.org/wiki/Q33892378;wikidata.org/wiki/Q48495642;wikidata.org/wiki/Q28345074
inference rule,1,wikidata.org/wiki/Q19728993;wikidata.org/wiki/Q1068763;wikidata.org/wiki/Q19720140;wikidata.org/wiki/Q28381790;wikidata.org/wiki/Q18400501;wikidata.org/wiki/Q4548693;wikidata.org/wiki/Q3459697;wikidata.org/wiki/Q4669893;wikidata.org/wiki/Q1361787;wikidata.org/wiki/Q5420356
free deductive system,1,
deductive system,3,wikidata.org/wiki/Q3322159;wikidata.org/wiki/Q17488292;wikidata.org/wiki/Q910361;wikidata.org/wiki/Q58049253;wikidata.org/wiki/Q98757952;wikidata.org/wiki/Q56021178;wikidata.org/wiki/Q99601248;wikidata.org/wiki/Q99994468;wikidata.org/wiki/Q1182254;wikidata.org/wiki/Q7663659
boolean logic,1,wikidata.org/wiki/Q28500947;wikidata.org/wiki/Q173183;wikidata.org/wiki/Q1291626;wikidata.org/wiki/Q173494;wikidata.org/wiki/Q38092781;wikidata.org/wiki/Q73819575;wikidata.org/wiki/Q91219865;wikidata.org/wiki/Q56387644;wikidata.org/wiki/Q90169196;wikidata.org/wiki/Q61711321
proof net,4,wikidata.org/wiki/Q62472269;wikidata.org/wiki/Q57006631;wikidata.org/wiki/Q60300396;wikidata.org/wiki/Q98731728;wikidata.org/wiki/Q113691854;wikidata.org/wiki/Q52700469;wikidata.org/wiki/Q114017517;wikidata.org/wiki/Q113694845;wikidata.org/wiki/Q56113480;wikidata.org/wiki/Q113848392
behaved example,1,
right exact functor,2,wikidata.org/wiki/Q72421937
exact functor,4,wikidata.org/wiki/Q72421937;wikidata.org/wiki/Q381725;wikidata.org/wiki/Q114117147;wikidata.org/wiki/Q17003613;wikidata.org/wiki/Q7825036
category c,20,wikidata.org/wiki/Q10729142;wikidata.org/wiki/Q28123617;wikidata.org/wiki/Q3679261;wikidata.org/wiki/Q61;wikidata.org/wiki/Q1022293;wikidata.org/wiki/Q1543;wikidata.org/wiki/Q83284310;wikidata.org/wiki/Q217413;wikidata.org/wiki/Q25267;wikidata.org/wiki/Q5051840
object b,2,wikidata.org/wiki/Q83567390;wikidata.org/wiki/Q78954180;wikidata.org/wiki/Q146078;wikidata.org/wiki/Q94539568;wikidata.org/wiki/Q651641;wikidata.org/wiki/Q207977;wikidata.org/wiki/Q204194;wikidata.org/wiki/Q251;wikidata.org/wiki/Q335261;wikidata.org/wiki/Q26540
category pt(c,1,wikidata.org/wiki/Q45;wikidata.org/wiki/Q128446;wikidata.org/wiki/Q922399;wikidata.org/wiki/Q422327;wikidata.org/wiki/Q1046867;wikidata.org/wiki/Q415588;wikidata.org/wiki/Q412415;wikidata.org/wiki/Q245966;wikidata.org/wiki/Q25263;wikidata.org/wiki/Q11123
pointed object,4,wikidata.org/wiki/Q50982832;wikidata.org/wiki/Q43808446;wikidata.org/wiki/Q88346385;wikidata.org/wiki/Q113509645;wikidata.org/wiki/Q91431286;wikidata.org/wiki/Q464643;wikidata.org/wiki/Q103980280;wikidata.org/wiki/Q116749848;wikidata.org/wiki/Q116749989;wikidata.org/wiki/Q115835327
comma category,1,wikidata.org/wiki/Q1780005;wikidata.org/wiki/Q115948566;wikidata.org/wiki/Q161736;wikidata.org/wiki/Q1115006;wikidata.org/wiki/Q1075846;wikidata.org/wiki/Q13477770;wikidata.org/wiki/Q2342952;wikidata.org/wiki/Q14395443;wikidata.org/wiki/Q29616995;wikidata.org/wiki/Q540508
universal algebra,13,wikidata.org/wiki/Q4867565;wikidata.org/wiki/Q59398256;wikidata.org/wiki/Q114233812;wikidata.org/wiki/Q56806200;wikidata.org/wiki/Q106095137;wikidata.org/wiki/Q1636734;wikidata.org/wiki/Q2296021;wikidata.org/wiki/Q2589508;wikidata.org/wiki/Q18386809;wikidata.org/wiki/Q113906387
single free algebra,1,
free algebra,3,wikidata.org/wiki/Q5500180;wikidata.org/wiki/Q6519090;wikidata.org/wiki/Q5499906;wikidata.org/wiki/Q5499761;wikidata.org/wiki/Q105693364;wikidata.org/wiki/Q4867565;wikidata.org/wiki/Q63284555;wikidata.org/wiki/Q5876047;wikidata.org/wiki/Q2051587;wikidata.org/wiki/Q20665026
empty set,1,wikidata.org/wiki/Q226183;wikidata.org/wiki/Q7068971;wikidata.org/wiki/Q39604693;wikidata.org/wiki/Q2045366;wikidata.org/wiki/Q86098365;wikidata.org/wiki/Q2295354;wikidata.org/wiki/Q10533491;wikidata.org/wiki/Q17085878;wikidata.org/wiki/Q31830194;wikidata.org/wiki/Q25968481
generalized space,1,wikidata.org/wiki/Q58858471;wikidata.org/wiki/Q59321046;wikidata.org/wiki/Q36430892;wikidata.org/wiki/Q36439336;wikidata.org/wiki/Q4890921;wikidata.org/wiki/Q7242162;wikidata.org/wiki/Q112913803;wikidata.org/wiki/Q305936;wikidata.org/wiki/Q5532436;wikidata.org/wiki/Q382698
decidable topos,1,
natural common generalization,1,
common generalization,3,wikidata.org/wiki/Q56503420;wikidata.org/wiki/Q170084;wikidata.org/wiki/Q29398732;wikidata.org/wiki/Q72598486;wikidata.org/wiki/Q59293418;wikidata.org/wiki/Q34054509;wikidata.org/wiki/Q48397789;wikidata.org/wiki/Q40159027;wikidata.org/wiki/Q52215780;wikidata.org/wiki/Q51916420
idempotent identity,1,wikidata.org/wiki/Q39488189
way site,1,wikidata.org/wiki/Q38888;wikidata.org/wiki/Q2962473;wikidata.org/wiki/Q1878737;wikidata.org/wiki/Q66976180;wikidata.org/wiki/Q105046711;wikidata.org/wiki/Q17640829;wikidata.org/wiki/Q106580317;wikidata.org/wiki/Q17648152;wikidata.org/wiki/Q17673511;wikidata.org/wiki/Q17650121
other hand,7,wikidata.org/wiki/Q7755488;wikidata.org/wiki/Q7091449;wikidata.org/wiki/Q7091451;wikidata.org/wiki/Q1562789;wikidata.org/wiki/Q60412563;wikidata.org/wiki/Q2025762;wikidata.org/wiki/Q76476475;wikidata.org/wiki/Q5464759;wikidata.org/wiki/Q77209739;wikidata.org/wiki/Q37142736
way site,1,wikidata.org/wiki/Q2962473;wikidata.org/wiki/Q5122296;wikidata.org/wiki/Q38888;wikidata.org/wiki/Q1878737;wikidata.org/wiki/Q105100012;wikidata.org/wiki/Q106580317;wikidata.org/wiki/Q105046711;wikidata.org/wiki/Q112869842;wikidata.org/wiki/Q5684;wikidata.org/wiki/Q17670169
site criterion,1,wikidata.org/wiki/Q20085689;wikidata.org/wiki/Q55762481;wikidata.org/wiki/Q60541791;wikidata.org/wiki/Q86751994;wikidata.org/wiki/Q83110682;wikidata.org/wiki/Q98789923;wikidata.org/wiki/Q47276563;wikidata.org/wiki/Q67896533;wikidata.org/wiki/Q45105493;wikidata.org/wiki/Q48469500
subcanonical site,1,
Frobenius object,4,wikidata.org/wiki/Q106452590;wikidata.org/wiki/Q47518075
Frobenius object,3,wikidata.org/wiki/Q106452590;wikidata.org/wiki/Q47518075
monoidal category m,2,wikidata.org/wiki/Q1945014;wikidata.org/wiki/Q2943034;wikidata.org/wiki/Q17103860;wikidata.org/wiki/Q18205845;wikidata.org/wiki/Q5208531;wikidata.org/wiki/Q5135347;wikidata.org/wiki/Q17104253;wikidata.org/wiki/Q6901645;wikidata.org/wiki/Q7683609;wikidata.org/wiki/Q6901642
monoidal category,57,wikidata.org/wiki/Q1945014;wikidata.org/wiki/Q2943034;wikidata.org/wiki/Q18205845;wikidata.org/wiki/Q17103860;wikidata.org/wiki/Q5208531;wikidata.org/wiki/Q20809078;wikidata.org/wiki/Q5135347;wikidata.org/wiki/Q17104253;wikidata.org/wiki/Q7683609;wikidata.org/wiki/Q5062222
category m,5,wikidata.org/wiki/Q217413;wikidata.org/wiki/Q25517;wikidata.org/wiki/Q980357;wikidata.org/wiki/Q2091008;wikidata.org/wiki/Q13164;wikidata.org/wiki/Q312255;wikidata.org/wiki/Q22669757;wikidata.org/wiki/Q903471;wikidata.org/wiki/Q29573;wikidata.org/wiki/Q79451
right adjoint,7,wikidata.org/wiki/Q357858;wikidata.org/wiki/Q57861184
category d,5,wikidata.org/wiki/Q28123618;wikidata.org/wiki/Q3679274;wikidata.org/wiki/Q4167836;wikidata.org/wiki/Q752297;wikidata.org/wiki/Q83284515;wikidata.org/wiki/Q54883881;wikidata.org/wiki/Q1124006;wikidata.org/wiki/Q108699584;wikidata.org/wiki/Q4138762;wikidata.org/wiki/Q6641911
2d topological quantum,1,wikidata.org/wiki/Q86694894;wikidata.org/wiki/Q90432130;wikidata.org/wiki/Q86849969;wikidata.org/wiki/Q61443103;wikidata.org/wiki/Q85197949;wikidata.org/wiki/Q35863607;wikidata.org/wiki/Q34011289;wikidata.org/wiki/Q74410592;wikidata.org/wiki/Q50196359;wikidata.org/wiki/Q34944026
topological quantum field,1,wikidata.org/wiki/Q721094;wikidata.org/wiki/Q16910990;wikidata.org/wiki/Q56270324;wikidata.org/wiki/Q55880680;wikidata.org/wiki/Q57602585;wikidata.org/wiki/Q56814114;wikidata.org/wiki/Q59708359;wikidata.org/wiki/Q74413711;wikidata.org/wiki/Q59469835;wikidata.org/wiki/Q66714349
topological quantum,1,wikidata.org/wiki/Q721094;wikidata.org/wiki/Q59622898;wikidata.org/wiki/Q59624165;wikidata.org/wiki/Q634781;wikidata.org/wiki/Q96738191;wikidata.org/wiki/Q7825042;wikidata.org/wiki/Q4652175;wikidata.org/wiki/Q55871579;wikidata.org/wiki/Q16910990;wikidata.org/wiki/Q7825777
quantum field theory,1,wikidata.org/wiki/Q54505;wikidata.org/wiki/Q602011;wikidata.org/wiki/Q257189;wikidata.org/wiki/Q721094;wikidata.org/wiki/Q56350851;wikidata.org/wiki/Q7783068;wikidata.org/wiki/Q59547537;wikidata.org/wiki/Q59572702;wikidata.org/wiki/Q5164498;wikidata.org/wiki/Q59623400
quantum field,1,wikidata.org/wiki/Q54505;wikidata.org/wiki/Q602011;wikidata.org/wiki/Q257189;wikidata.org/wiki/Q721094;wikidata.org/wiki/Q56350851;wikidata.org/wiki/Q59547537;wikidata.org/wiki/Q59572702;wikidata.org/wiki/Q5164498;wikidata.org/wiki/Q59623400;wikidata.org/wiki/Q7783068
field theory,4,wikidata.org/wiki/Q54505;wikidata.org/wiki/Q903820;wikidata.org/wiki/Q1262328;wikidata.org/wiki/Q1402884;wikidata.org/wiki/Q1080745;wikidata.org/wiki/Q5979196;wikidata.org/wiki/Q602011;wikidata.org/wiki/Q17361892;wikidata.org/wiki/Q7812117;wikidata.org/wiki/Q6556124
commutative Frobenius algebra,1,wikidata.org/wiki/Q105666614;wikidata.org/wiki/Q769124
Frobenius algebra,4,wikidata.org/wiki/Q5505100;wikidata.org/wiki/Q1361031;wikidata.org/wiki/Q59516715;wikidata.org/wiki/Q114935555;wikidata.org/wiki/Q105666614;wikidata.org/wiki/Q105454045;wikidata.org/wiki/Q112881620;wikidata.org/wiki/Q7269429;wikidata.org/wiki/Q769124;wikidata.org/wiki/Q2071632
2d tqft,1,wikidata.org/wiki/Q114021396;wikidata.org/wiki/Q110918430
adjoint monad,1,wikidata.org/wiki/Q114155508;wikidata.org/wiki/Q56687242
free completion,1,wikidata.org/wiki/Q28974869;wikidata.org/wiki/Q113888095;wikidata.org/wiki/Q28975605;wikidata.org/wiki/Q33838095;wikidata.org/wiki/Q71537003;wikidata.org/wiki/Q116551501;wikidata.org/wiki/Q70174834;wikidata.org/wiki/Q50763936;wikidata.org/wiki/Q46326277;wikidata.org/wiki/Q51910979
Moore object,3,wikidata.org/wiki/Q106769705;wikidata.org/wiki/Q102036723;wikidata.org/wiki/Q108693989;wikidata.org/wiki/Q102971147;wikidata.org/wiki/Q106772561;wikidata.org/wiki/Q106771140;wikidata.org/wiki/Q106767113;wikidata.org/wiki/Q103917022;wikidata.org/wiki/Q106771296;wikidata.org/wiki/Q106768713
powerful result,1,wikidata.org/wiki/Q115837584;wikidata.org/wiki/Q72337458;wikidata.org/wiki/Q77099754;wikidata.org/wiki/Q21159195;wikidata.org/wiki/Q52298818;wikidata.org/wiki/Q91858873;wikidata.org/wiki/Q53598128;wikidata.org/wiki/Q36320407;wikidata.org/wiki/Q58915723;wikidata.org/wiki/Q89208298
Frobenius pseudomonoid,2,wikidata.org/wiki/Q56687283
pseudo ambijunction,2,
usual axiom,2,
coherent isomorphism,2,wikidata.org/wiki/Q85753249
s - homotopy,2,wikidata.org/wiki/Q106884120;wikidata.org/wiki/Q7446189;wikidata.org/wiki/Q4975963;wikidata.org/wiki/Q1467124;wikidata.org/wiki/Q5764405;wikidata.org/wiki/Q61249016;wikidata.org/wiki/Q57430775;wikidata.org/wiki/Q33745683;wikidata.org/wiki/Q56235100;wikidata.org/wiki/Q56554883
full subcategory,21,wikidata.org/wiki/Q103927515;wikidata.org/wiki/Q6101219;wikidata.org/wiki/Q58697027
cofibrant homotopy,2,
homotopy continuous flow,2,wikidata.org/wiki/Q58907332
continuous flow,2,wikidata.org/wiki/Q12053157;wikidata.org/wiki/Q99531897;wikidata.org/wiki/Q57642329;wikidata.org/wiki/Q91246597;wikidata.org/wiki/Q27332193;wikidata.org/wiki/Q68598926;wikidata.org/wiki/Q66820122;wikidata.org/wiki/Q5165515;wikidata.org/wiki/Q5500876;wikidata.org/wiki/Q2287074
nice feature,1,wikidata.org/wiki/Q58344510;wikidata.org/wiki/Q38487775;wikidata.org/wiki/Q48094994;wikidata.org/wiki/Q48094984;wikidata.org/wiki/Q33599336;wikidata.org/wiki/Q56793829;wikidata.org/wiki/Q59766724
dihomotopy type,1,
weak dihomotopy equivalence,1,
weak dihomotopy,2,
dihomotopy equivalence,1,
full dihomotopy relation,1,
full dihomotopy,1,
dihomotopy relation,1,
previous work,1,wikidata.org/wiki/Q111223304;wikidata.org/wiki/Q111241092;wikidata.org/wiki/Q111241100;wikidata.org/wiki/Q111241357;wikidata.org/wiki/Q37770583;wikidata.org/wiki/Q72196359;wikidata.org/wiki/Q38225414;wikidata.org/wiki/Q36694259;wikidata.org/wiki/Q37952344;wikidata.org/wiki/Q188914
model structure,46,wikidata.org/wiki/Q3621696;wikidata.org/wiki/Q6728227;wikidata.org/wiki/Q899656;wikidata.org/wiki/Q84935275;wikidata.org/wiki/Q189156;wikidata.org/wiki/Q1406710;wikidata.org/wiki/Q75290919;wikidata.org/wiki/Q219908;wikidata.org/wiki/Q1048589;wikidata.org/wiki/Q908902
weak equivalence,27,wikidata.org/wiki/Q1941896;wikidata.org/wiki/Q20878207;wikidata.org/wiki/Q91264225;wikidata.org/wiki/Q7977945;wikidata.org/wiki/Q20093075;wikidata.org/wiki/Q4903541;wikidata.org/wiki/Q59024749;wikidata.org/wiki/Q74495961;wikidata.org/wiki/Q59039358;wikidata.org/wiki/Q60720889
weak dihomotopy equivalence,1,
dihomotopy equivalence,1,
general result,6,wikidata.org/wiki/Q55869235;wikidata.org/wiki/Q77844598;wikidata.org/wiki/Q166543;wikidata.org/wiki/Q74524553;wikidata.org/wiki/Q74617709;wikidata.org/wiki/Q28258732;wikidata.org/wiki/Q59061374;wikidata.org/wiki/Q62590893;wikidata.org/wiki/Q74763000;wikidata.org/wiki/Q2134013
weak factorization system,1,wikidata.org/wiki/Q114020815;wikidata.org/wiki/Q59472903;wikidata.org/wiki/Q59472905
weak factorization,4,wikidata.org/wiki/Q60145521;wikidata.org/wiki/Q114020815;wikidata.org/wiki/Q69178435;wikidata.org/wiki/Q78099422;wikidata.org/wiki/Q58312545;wikidata.org/wiki/Q38384876;wikidata.org/wiki/Q59472903;wikidata.org/wiki/Q59472905;wikidata.org/wiki/Q114087793;wikidata.org/wiki/Q114227534
pointed protomodular category,1,
protomodular category c,1,
protomodular category,7,
category c,1,wikidata.org/wiki/Q217413;wikidata.org/wiki/Q81488759;wikidata.org/wiki/Q61;wikidata.org/wiki/Q116124471;wikidata.org/wiki/Q1022293;wikidata.org/wiki/Q1543;wikidata.org/wiki/Q25267;wikidata.org/wiki/Q128446;wikidata.org/wiki/Q333886;wikidata.org/wiki/Q166032
pointed protomodular category,1,
protomodular category ⁢,1,
protomodular category,8,
category ⁢ g,2,wikidata.org/wiki/Q52933955;wikidata.org/wiki/Q5728362;wikidata.org/wiki/Q108699588;wikidata.org/wiki/Q48655;wikidata.org/wiki/Q60561635;wikidata.org/wiki/Q61009596;wikidata.org/wiki/Q145;wikidata.org/wiki/Q235687;wikidata.org/wiki/Q435731;wikidata.org/wiki/Q130365
category ⁢,20,wikidata.org/wiki/Q4167836;wikidata.org/wiki/Q217413;wikidata.org/wiki/Q6641911;wikidata.org/wiki/Q7085480;wikidata.org/wiki/Q6641539;wikidata.org/wiki/Q7055794;wikidata.org/wiki/Q7055755;wikidata.org/wiki/Q7085378;wikidata.org/wiki/Q6640950;wikidata.org/wiki/Q6641214
⁢ g p,2,wikidata.org/wiki/Q3093062;wikidata.org/wiki/Q64866847;wikidata.org/wiki/Q5512388;wikidata.org/wiki/Q21504273;wikidata.org/wiki/Q733439;wikidata.org/wiki/Q212405;wikidata.org/wiki/Q66679700;wikidata.org/wiki/Q86830939;wikidata.org/wiki/Q63983726;wikidata.org/wiki/Q43419015
⁢ g,7,wikidata.org/wiki/Q41803;wikidata.org/wiki/Q38173;wikidata.org/wiki/Q42511;wikidata.org/wiki/Q192940;wikidata.org/wiki/Q9739;wikidata.org/wiki/Q145;wikidata.org/wiki/Q5728362;wikidata.org/wiki/Q48655;wikidata.org/wiki/Q207515;wikidata.org/wiki/Q130365
g p,2,wikidata.org/wiki/Q3093062;wikidata.org/wiki/Q64866847;wikidata.org/wiki/Q5512388;wikidata.org/wiki/Q5511911;wikidata.org/wiki/Q21504273;wikidata.org/wiki/Q733439;wikidata.org/wiki/Q212405;wikidata.org/wiki/Q66679700;wikidata.org/wiki/Q86830939;wikidata.org/wiki/Q63983726
slice category,4,wikidata.org/wiki/Q2561438;wikidata.org/wiki/Q48816551;wikidata.org/wiki/Q459971;wikidata.org/wiki/Q110966462;wikidata.org/wiki/Q7540223;wikidata.org/wiki/Q12491;wikidata.org/wiki/Q7440003;wikidata.org/wiki/Q28043781;wikidata.org/wiki/Q289005;wikidata.org/wiki/Q21856533
affine category,1,wikidata.org/wiki/Q382497;wikidata.org/wiki/Q11035154;wikidata.org/wiki/Q7214705;wikidata.org/wiki/Q2258518;wikidata.org/wiki/Q5392219;wikidata.org/wiki/Q15382787;wikidata.org/wiki/Q3137428;wikidata.org/wiki/Q6648091;wikidata.org/wiki/Q13437328;wikidata.org/wiki/Q15575372
internal construction,1,wikidata.org/wiki/Q73066713;wikidata.org/wiki/Q93582324;wikidata.org/wiki/Q42788167;wikidata.org/wiki/Q110040577;wikidata.org/wiki/Q1860557;wikidata.org/wiki/Q19091816;wikidata.org/wiki/Q3075281;wikidata.org/wiki/Q7494932;wikidata.org/wiki/Q60787965;wikidata.org/wiki/Q18891422
object x,12,wikidata.org/wiki/Q17119199;wikidata.org/wiki/Q2154519;wikidata.org/wiki/Q121769;wikidata.org/wiki/Q5961;wikidata.org/wiki/Q386320;wikidata.org/wiki/Q3045304;wikidata.org/wiki/Q44316;wikidata.org/wiki/Q1368;wikidata.org/wiki/Q1407562;wikidata.org/wiki/Q234460;wikidata.org/wiki/Q17119199;wikidata.org/wiki/Q2154519;wikidata.org/wiki/Q121769;wikidata.org/wiki/Q5961;wikidata.org/wiki/Q386320;wikidata.org/wiki/Q3045304;wikidata.org/wiki/Q44316;wikidata.org/wiki/Q1368;wikidata.org/wiki/Q1407562;wikidata.org/wiki/Q234460
specific characterization,1,wikidata.org/wiki/Q37724249;wikidata.org/wiki/Q82222520;wikidata.org/wiki/Q28295500;wikidata.org/wiki/Q36736371;wikidata.org/wiki/Q35727043;wikidata.org/wiki/Q70094895;wikidata.org/wiki/Q74457965;wikidata.org/wiki/Q62796614;wikidata.org/wiki/Q45389826;wikidata.org/wiki/Q71680956
abelian object,1,wikidata.org/wiki/Q65549011;wikidata.org/wiki/Q61795032;wikidata.org/wiki/Q4677987
generalized congruence,1,wikidata.org/wiki/Q59216102;wikidata.org/wiki/Q114214495;wikidata.org/wiki/Q114218135;wikidata.org/wiki/Q35197500
concrete construction,1,wikidata.org/wiki/Q96331700;wikidata.org/wiki/Q26839801;wikidata.org/wiki/Q1907757;wikidata.org/wiki/Q96324377;wikidata.org/wiki/Q96325091;wikidata.org/wiki/Q7301609;wikidata.org/wiki/Q50668214;wikidata.org/wiki/Q5560146;wikidata.org/wiki/Q51506612;wikidata.org/wiki/Q95971266
⁢ c,33,wikidata.org/wiki/Q15777;wikidata.org/wiki/Q2407;wikidata.org/wiki/Q154869;wikidata.org/wiki/Q623;wikidata.org/wiki/Q61;wikidata.org/wiki/Q2370;wikidata.org/wiki/Q91703;wikidata.org/wiki/Q1543;wikidata.org/wiki/Q11772;wikidata.org/wiki/Q214867;wikidata.org/wiki/Q15777;wikidata.org/wiki/Q2407;wikidata.org/wiki/Q154869;wikidata.org/wiki/Q623;wikidata.org/wiki/Q61;wikidata.org/wiki/Q2370;wikidata.org/wiki/Q91703;wikidata.org/wiki/Q1543;wikidata.org/wiki/Q11772;wikidata.org/wiki/Q214867
various other class,1,wikidata.org/wiki/Q11284284;wikidata.org/wiki/Q113388847;wikidata.org/wiki/Q113388845
other class,1,wikidata.org/wiki/Q16927421;wikidata.org/wiki/Q51431146;wikidata.org/wiki/Q95391728;wikidata.org/wiki/Q1298339;wikidata.org/wiki/Q33711169;wikidata.org/wiki/Q21522908;wikidata.org/wiki/Q16927423;wikidata.org/wiki/Q33989845;wikidata.org/wiki/Q116291238;wikidata.org/wiki/Q94012924
epimorphic functor,1,
certain category,3,wikidata.org/wiki/Q3375473;wikidata.org/wiki/Q38449384;wikidata.org/wiki/Q42340084;wikidata.org/wiki/Q42336960;wikidata.org/wiki/Q73870989;wikidata.org/wiki/Q74631492;wikidata.org/wiki/Q59452366;wikidata.org/wiki/Q42337263;wikidata.org/wiki/Q79610742;wikidata.org/wiki/Q70081888
Grothendieck topos,9,wikidata.org/wiki/Q106548123;wikidata.org/wiki/Q25098768;wikidata.org/wiki/Q56017980;wikidata.org/wiki/Q29041114
Grothendieck topos,5,
base topos,2,wikidata.org/wiki/Q27675378;wikidata.org/wiki/Q88313479;wikidata.org/wiki/Q107051816;wikidata.org/wiki/Q1026717;wikidata.org/wiki/Q2478475;wikidata.org/wiki/Q1321034;wikidata.org/wiki/Q101598931;wikidata.org/wiki/Q26780168;wikidata.org/wiki/Q15838827;wikidata.org/wiki/Q550806
distinct enrichment,1,wikidata.org/wiki/Q92454368;wikidata.org/wiki/Q898987;wikidata.org/wiki/Q22330342;wikidata.org/wiki/Q22302238;wikidata.org/wiki/Q40044872;wikidata.org/wiki/Q30778649;wikidata.org/wiki/Q39326999;wikidata.org/wiki/Q36121773;wikidata.org/wiki/Q60047838;wikidata.org/wiki/Q35351470
many monoidal structure,1,
monoidal structure,12,wikidata.org/wiki/Q98931512;wikidata.org/wiki/Q59612721;wikidata.org/wiki/Q58919727;wikidata.org/wiki/Q72421656;wikidata.org/wiki/Q115245668
unique isomorphism,1,wikidata.org/wiki/Q107710112;wikidata.org/wiki/Q629085;wikidata.org/wiki/Q114138481
finite product,13,wikidata.org/wiki/Q57788328;wikidata.org/wiki/Q59524259;wikidata.org/wiki/Q59524395;wikidata.org/wiki/Q33861339;wikidata.org/wiki/Q55709835;wikidata.org/wiki/Q5284938;wikidata.org/wiki/Q21083858;wikidata.org/wiki/Q22907085;wikidata.org/wiki/Q257414;wikidata.org/wiki/Q58690060
such distinction,1,wikidata.org/wiki/Q60535736;wikidata.org/wiki/Q222982;wikidata.org/wiki/Q7081635;wikidata.org/wiki/Q474485;wikidata.org/wiki/Q29043121;wikidata.org/wiki/Q29043120;wikidata.org/wiki/Q4193236;wikidata.org/wiki/Q12216016;wikidata.org/wiki/Q115888704;wikidata.org/wiki/Q4188006
algebra structure,5,wikidata.org/wiki/Q56613773;wikidata.org/wiki/Q674689;wikidata.org/wiki/Q4973304;wikidata.org/wiki/Q98623396;wikidata.org/wiki/Q3968;wikidata.org/wiki/Q99993188;wikidata.org/wiki/Q59061318;wikidata.org/wiki/Q159943;wikidata.org/wiki/Q54059376;wikidata.org/wiki/Q205464
precise mathematical definition,1,wikidata.org/wiki/Q114425676
mathematical definition,1,wikidata.org/wiki/Q114425676;wikidata.org/wiki/Q5353573;wikidata.org/wiki/Q99733632;wikidata.org/wiki/Q1147242;wikidata.org/wiki/Q56456018;wikidata.org/wiki/Q99457872;wikidata.org/wiki/Q76568463;wikidata.org/wiki/Q99446724;wikidata.org/wiki/Q73893777;wikidata.org/wiki/Q99446983
monad property,1,
restricted class,1,wikidata.org/wiki/Q7403770;wikidata.org/wiki/Q74439209;wikidata.org/wiki/Q99558591;wikidata.org/wiki/Q81007847;wikidata.org/wiki/Q36151198;wikidata.org/wiki/Q56902918;wikidata.org/wiki/Q62920085;wikidata.org/wiki/Q52404152;wikidata.org/wiki/Q40364670;wikidata.org/wiki/Q7316287
algebra morphism,2,wikidata.org/wiki/Q115381939;wikidata.org/wiki/Q115352896;wikidata.org/wiki/Q8068449;wikidata.org/wiki/Q719395;wikidata.org/wiki/Q17099701;wikidata.org/wiki/Q215111;wikidata.org/wiki/Q1674414;wikidata.org/wiki/Q7309604;wikidata.org/wiki/Q4724016;wikidata.org/wiki/Q7250176
lax morphism,4,wikidata.org/wiki/Q18345526
new characterization,3,wikidata.org/wiki/Q68790295;wikidata.org/wiki/Q59255749;wikidata.org/wiki/Q59288345;wikidata.org/wiki/Q59400794;wikidata.org/wiki/Q59255726;wikidata.org/wiki/Q59255704;wikidata.org/wiki/Q55869216;wikidata.org/wiki/Q59255730;wikidata.org/wiki/Q59112910;wikidata.org/wiki/Q56210389
idempotent dual,1,wikidata.org/wiki/Q83068706;wikidata.org/wiki/Q52004127
stable local coequalizer,1,
local coequalizer,1,
monad y,1,wikidata.org/wiki/Q110;wikidata.org/wiki/Q6897850
lax functor,7,wikidata.org/wiki/Q18345526
lax functor,5,wikidata.org/wiki/Q18345526
y factor,1,wikidata.org/wiki/Q1750812;wikidata.org/wiki/Q1475848;wikidata.org/wiki/Q1515895;wikidata.org/wiki/Q1540285;wikidata.org/wiki/Q1554076;wikidata.org/wiki/Q188419;wikidata.org/wiki/Q183976;wikidata.org/wiki/Q10660901;wikidata.org/wiki/Q178546;wikidata.org/wiki/Q133805
familiar bimodule,1,
bicategory rel,1,
general module,1,wikidata.org/wiki/Q98387378;wikidata.org/wiki/Q95359830;wikidata.org/wiki/Q15277552;wikidata.org/wiki/Q56682433;wikidata.org/wiki/Q31745716;wikidata.org/wiki/Q108763911;wikidata.org/wiki/Q30883412;wikidata.org/wiki/Q43305006;wikidata.org/wiki/Q30877019;wikidata.org/wiki/Q372881
unstructured endo-1,1,
full structure,2,wikidata.org/wiki/Q34301464;wikidata.org/wiki/Q33753867;wikidata.org/wiki/Q34232106;wikidata.org/wiki/Q899763;wikidata.org/wiki/Q78128146;wikidata.org/wiki/Q88014523;wikidata.org/wiki/Q35235203;wikidata.org/wiki/Q91287440;wikidata.org/wiki/Q84710572;wikidata.org/wiki/Q46567458
structure interpolad,1,
i - module,1,wikidata.org/wiki/Q57950515;wikidata.org/wiki/Q12069631;wikidata.org/wiki/Q38321545;wikidata.org/wiki/Q15184295;wikidata.org/wiki/Q7253814;wikidata.org/wiki/Q38334353;wikidata.org/wiki/Q73872570;wikidata.org/wiki/Q27941550;wikidata.org/wiki/Q59169;wikidata.org/wiki/Q28132212
i -,1,wikidata.org/wiki/Q1103;wikidata.org/wiki/Q517;wikidata.org/wiki/Q9893;wikidata.org/wiki/Q15553;wikidata.org/wiki/Q71084;wikidata.org/wiki/Q7207;wikidata.org/wiki/Q81506;wikidata.org/wiki/Q196527;wikidata.org/wiki/Q42887;wikidata.org/wiki/Q32500
bicategory y,1,wikidata.org/wiki/Q4903541
full sub -,1,wikidata.org/wiki/Q60607899;wikidata.org/wiki/Q106353292;wikidata.org/wiki/Q62470506;wikidata.org/wiki/Q115863045;wikidata.org/wiki/Q115800741;wikidata.org/wiki/Q110048767;wikidata.org/wiki/Q104483040;wikidata.org/wiki/Q104078990;wikidata.org/wiki/Q103825472;wikidata.org/wiki/Q75335071
full sub,1,wikidata.org/wiki/Q60607899;wikidata.org/wiki/Q106353292;wikidata.org/wiki/Q62470506;wikidata.org/wiki/Q115800741;wikidata.org/wiki/Q115863045;wikidata.org/wiki/Q110048767;wikidata.org/wiki/Q104483040;wikidata.org/wiki/Q104078990;wikidata.org/wiki/Q103825472;wikidata.org/wiki/Q75335071
sub - bicategory,2,
sub -,4,wikidata.org/wiki/Q132959;wikidata.org/wiki/Q778673;wikidata.org/wiki/Q174814;wikidata.org/wiki/Q10918728;wikidata.org/wiki/Q23442;wikidata.org/wiki/Q4282636;wikidata.org/wiki/Q270102;wikidata.org/wiki/Q61278455;wikidata.org/wiki/Q2467461;wikidata.org/wiki/Q617240
idempotent relation,1,
interpolative semi -,1,wikidata.org/wiki/Q62748389
interpolative semi,1,wikidata.org/wiki/Q62748389
semi - group,1,wikidata.org/wiki/Q59547346;wikidata.org/wiki/Q57424106;wikidata.org/wiki/Q56804583;wikidata.org/wiki/Q56804586;wikidata.org/wiki/Q60488452;wikidata.org/wiki/Q56804584;wikidata.org/wiki/Q56564737;wikidata.org/wiki/Q58279437;wikidata.org/wiki/Q60076427;wikidata.org/wiki/Q58247283
semi -,2,wikidata.org/wiki/Q3389302;wikidata.org/wiki/Q7419624;wikidata.org/wiki/Q198269;wikidata.org/wiki/Q4004659;wikidata.org/wiki/Q11474;wikidata.org/wiki/Q66095735;wikidata.org/wiki/Q66725417;wikidata.org/wiki/Q1041418;wikidata.org/wiki/Q49890;wikidata.org/wiki/Q15343
cell composition,1,wikidata.org/wiki/Q63580955;wikidata.org/wiki/Q69325736;wikidata.org/wiki/Q37764320;wikidata.org/wiki/Q68810358;wikidata.org/wiki/Q86702160;wikidata.org/wiki/Q69875739;wikidata.org/wiki/Q90025221;wikidata.org/wiki/Q68691696;wikidata.org/wiki/Q68737200;wikidata.org/wiki/Q37584583
n & gt,2,wikidata.org/wiki/Q627;wikidata.org/wiki/Q21199;wikidata.org/wiki/Q659;wikidata.org/wiki/Q9937;wikidata.org/wiki/Q2348;wikidata.org/wiki/Q12438;wikidata.org/wiki/Q1775461;wikidata.org/wiki/Q19803511;wikidata.org/wiki/Q7749;wikidata.org/wiki/Q161219
n &,3,wikidata.org/wiki/Q627;wikidata.org/wiki/Q21199;wikidata.org/wiki/Q659;wikidata.org/wiki/Q9937;wikidata.org/wiki/Q2348;wikidata.org/wiki/Q12438;wikidata.org/wiki/Q1775461;wikidata.org/wiki/Q19803511;wikidata.org/wiki/Q7749;wikidata.org/wiki/Q161219
